"nazov";"interny_kod";"poradove_cislo";"skratka";"EAN_QR";"merna_jednotka"
"3M Fólia samolepiaca transparentná matná 80mic, 1370mm (54"")/50m";"3mij20124r";"53320";"FV001";"9990000053320";"rol"
"Náhradná fólia A2 na Áčko, Klaprámy";"ackoA2/f";"59799";"FM019";"8595578353860";"ks"
"Airtex, magic FR 1060mm x 25m /350g";"airtex1060/25";"146969";"VF001a";"9990000146969";"rol"
"Airtex, magic FR 1250mm x 25m /350g";"airtex1250/25";"129500";"VF001b";"9990000129500";"rol"
"Amber Preprint SRA3 cm/100g, dráha papiera: ÚD (1/500 hár)";"amberpp/sra3/100ud";"106369";"MF500";"9990000106369";"hár"
"Amber Preprint SRA3 cm/80g, dráha papiera: ÚD (1/500 hár)";"amberpp/sra3/80ud";"106363";"MF502";"9990000106363";"hár"
"ATP500H Prenosový papier, silné lepidlo 610mm/100m";"atp500";"147220";"";"9990000147220";"m2"
"Avery samolepiaca fólia transparentná lesklá 1370mm (54""), 100 mic, 50m";"averympi3040tr/1370";"92918";"FV002";"9990000092918";"rol"
"Blok A6/70l linajkový lepený 16074/K";"b/16074lep";"105092";"FG011";"8586006170760";"ks"
"Napínacie lano k bannerom 8mm, čierne - 1 bežný meter";"banerlano/cierne";"52764";"";"9990000052764";"bm"
"Backlit SB glossy, 1067mm, 30m, 0,2mm";"bcklitSB/glossy1067";"98023";"VF008";"9990000098023";"rol"
"Backlit SB matt, 1370mm, 30m, 0,2mm";"bcklitSB/matt1370";"98869";"VF009";"9990000098869";"rol"
"Backlit WB matt, 1067mm, 30m, 0,215mm";"bcklitWB/matt1067";"112826";"VF011";"9990000112826";"rol"
"Banner display konštrukcia na 80x200 cm";"bd80x200";"26578";"";"9990000026578";"ks"
"Banner display konštrukcia na 85x200 cm";"bd85x200";"140808";"";"5907451660669";"ks"
"Beach flag - prút, veľkosť M, 340 cm";"bf/prutM";"84091";"FG007";"9990000084091";"ks"
"Beach flag - vlajka veľkosť M";"bf/vlajkaM";"86436";"FG009";"9990000086436";"ks"
"Blok kocka lepená 50x77x77mm točená, biela";"bl/160600";"98224";"";"9990000098224";"ks"
"Blindrám 100cm (drevená napínacia lišta)";"blindram100";"48332";"FO001";"8586009423399";"ks"
"Blindrám 105cm (drevená napínacia lišta)";"blindram105";"50286";"FO002";"8586009423405";"ks"
"Blindrám 110cm (drevená napínacia lišta)";"blindram110";"50287";"FO003";"8586009423412";"ks"
"Blindrám 115cm (drevená napínacia lišta)";"blindram115";"50288";"FO004";"8586009423429";"ks"
"Blindrám 120cm (drevená napínacia lišta)";"blindram120";"50289";"FO005";"8586009423436";"ks"
"Blindrám 125cm (drevená napínacia lišta)";"blindram125";"50290";"FO006";"9990000050290";"ks"
"Blindrám 130cm (drevená napínacia lišta)";"blindram130";"50291";"FO007";"8586009423443";"ks"
"Blindrám 135cm (drevená napínacia lišta)";"blindram135";"50292";"FO008";"9990000050292";"ks"
"Blindrám 140cm (drevená napínacia lišta)";"blindram140";"50274";"FO009";"8586009423450";"ks"
"Blindrám 145cm (drevená napínacia lišta)";"blindram145";"61026";"FO010";"9990000061026";"ks"
"Blindrám 150cm (drevená napínacia lišta)";"blindram150";"51148";"FO011";"8586009423474";"ks"
"Blindrám 155cm (drevená napínacia lišta)";"blindram155";"61025";"FO012";"9990000061025";"ks"
"Blindrám 160cm (drevená napínacia lišta)";"blindram160";"52080";"FO013";"8586009423481";"ks"
"Blindrám 165cm (drevená napínacia lišta)";"blindram165";"61024";"FO014";"9990000061024";"ks"
"Blindrám 170cm (drevená napínacia lišta)";"blindram170";"52081";"FO015";"8586009423498";"ks"
"Blindrám 175cm (drevená napínacia lišta)";"blindram175";"61023";"FO016";"9990000061023";"ks"
"Blindrám 180cm (drevená napínacia lišta)";"blindram180";"52082";"FO017";"8586009423504";"ks"
"Blindrám 185cm (drevená napínacia lišta)";"blindram185";"61022";"FO018";"9990000061022";"ks"
"Blindrám 195cm (drevená napínacia lišta)";"blindram195";"61021";"FO020";"9990000061021";"ks"
"Blindrám 20cm (drevená napínacia lišta)";"blindram20";"50276";"FO022";"8586009422040";"ks"
"Blindrám Hexagon 20 cm (drevená napínacia lišta)";"blindram20/hexa";"129625";"FO038";"9990000129625";"ks"
"Blindrám 200cm (drevená napínacia lišta)";"blindram200";"52084";"FO021";"8586009423528";"ks"
"Blindrám 25cm (drevená napínacia lišta)";"blindram25";"51638";"FO023";"8586009422309";"ks"
"Blindrám 30cm (drevená napínacia lišta)";"blindram30";"48894";"FO024";"8586009422316";"ks"
"Blindrám 35cm (drevená napínacia lišta)";"blindram35";"50281";"FO025";"8586009422323";"ks"
"Blindrám 40cm (drevená napínacia lišta)";"blindram40";"49443";"FO026";"8586009422385";"ks"
"Blindrám 45cm (drevená napínacia lišta)";"blindram45";"48893";"FO027";"8586009423146";"ks"
"Blindrám 50cm (drevená napínacia lišta)";"blindram50";"49995";"FO028";"8586009423177";"ks"
"Blindrám 55cm (drevená napínacia lišta)";"blindram55";"50283";"FO029";"8586009423306";"ks"
"Blindrám 60cm (drevená napínacia lišta)";"blindram60";"49442";"FO030";"8586009423313";"ks"
"Blindrám 65cm (drevená napínacia lišta)";"blindram65";"48892";"FO031";"8586009423320";"ks"
"Blindrám 70cm (drevená napínacia lišta)";"blindram70";"48890";"FO032";"8586009423337";"ks"
"Blindrám 75cm (drevená napínacia lišta)";"blindram75";"50284";"FO033";"8586009423344";"ks"
"Blindrám 80cm (drevená napínacia lišta)";"blindram80";"50211";"FO034";"8586009423351";"ks"
"Blindrám 85cm (drevená napínacia lišta)";"blindram85";"50285";"FO035";"8586009423368";"ks"
"Blindrám 90cm (drevená napínacia lišta)";"blindram90";"48891";"FO036";"8586009423375";"ks"
"Blindrám 95cm (drevená napínacia lišta)";"blindram95";"51639";"FO037";"8586009423382";"ks"
"Richelieu 805B Detské body dlhý rukáv, biela, veľkosť 68";"body805/b/68";"112228";"BO429";"9990000112228";"ks"
"Richelieu 805B Detské body dlhý rukáv, biela, veľkosť 80";"body805/b/80";"107306";"BO430";"9990000107306";"ks"
"Richelieu 805B Detské body dlhý rukáv, biela, veľkosť 86";"body805/b/86";"107299";"BO431";"9990000107299";"ks"
"Richelieu 805C Detské body dlhý rukáv, biela, veľkosť 92";"body805/b/92";"107297";"BO432";"9990000107297";"ks"
"Richelieu 805C Detské body dlhý rukáv, biela, veľkosť 98";"body805/b/98";"107298";"BO433";"9990000107298";"ks"
"Richelieu 806B Detské body krátky rukáv, biela, veľkosť 80";"body806/b/80";"107307";"BO434";"9990000107307";"ks"
"Richelieu 806B Detské body krátky rukáv, biela, veľkosť 86";"body806/b/86";"107301";"BO435";"9990000107301";"ks"
"Richelieu 806C Detské body krátky rukáv, biela, veľkosť 92";"body806/b/92";"106857";"BO436";"9990000106857";"ks"
"Richelieu 806C Detské body krátky rukáv, biela, veľkosť 98";"body806/b/98";"107300";"BO437";"9990000107300";"ks"
"Brašna/Taška cez rameno 170x60x190 mm";"brasna/m";"83916";"TO019";"9990000083916";"ks"
"Brašna/Taška cez rameno 300x70x300 mm";"brasna/v";"94159";"TO020";"9990000094159";"ks"
"Canon Roll Paper Smart Dry Photo Satin 200g, 42"" (1067mm) 30m, 51mm dutinka IJM252";"c00974842";"120286";"VF052c";"8713878058913";"rol"
"Canon Opaque Paper 120g, 17"" (432mm), 30m";"c5922a17";"59663";"VF037";"8714574972671";"rol"
"Canon Heavyweight Matt coated paper 230g, 42"" (1067mm), 35m, 76mm dutinka";"c5969a42";"58735";"VF028";"C910-596942";"rol"
"Canon Gloss Smart Dry Photo Paper 200g 24"" (610mm), 30m, 51mm dutinka IJM250";"c7805b24";"120282";"VF019a";"8713878057527";"rol"
"Canon Gloss Smart Dry Photo Paper 200g 36"" (914mm), 30m, 51mm dutinka IJM250";"c7805b36";"120283";"VF019b";"8713878052966";"rol"
"Canon Roll Paper Smart Dry Photo Satin 200g, 24"" (610mm), 30m, 51mm dutinka IJM252";"c7806b24";"120285";"VF052a";"8713878058951";"rol"
"Canon Roll Paper Smart Dry Photo Satin 200g, 36"" (914mm) 30m, 51mm dutinka IJM252";"c7806b36";"118863";"VF052b";"8713878058906";"rol"
"Canon Roll Paper Smart Dry Professional Satin 240g, 24"" (610mm), 45m, 51mm dutinka";"c7807b24";"119659";"VF055a";"8713878112660";"rol"
"Canon Roll Paper Smart Dry Professional Satin 240g, 36"" (914mm), 30m, 51mm dutinka";"c7807b36";"118864";"VF055b";"8713878066352";"rol"
"Canon Roll Paper Instant Dry Photo Gloss 260g, 36"" (914mm) 30m, 51mm dutinka IJM261";"c7809b36";"120287";"VF078c";"8713878133672";"rol"
"Canon Roll Paper Instant Dry Photo Gloss 260g, 42"" (1067mm), 30m, 51mm dutinka IJM261";"c97004006";"120288";"VF078d";"8713878133689";"rol"
"Canon Gloss Smart Dry Photo Paper 200g, 42"" (1067mm), 30m, 51mm dutinka IJM250";"c9716942";"120284";"VF019c";"8713878052973";"rol"
"Canson pauzovací papier A3/90g (bal=100hár)";"ca390";"24144";"MF715";"3148957511334";"bal"
"Canson pauzovací papier A4/90g (bal=100hár)";"ca490";"24145";"MF716";"8588001025984";"bal"
"Sypaný ovocno-koreninový čaj Mango, kokos, škorica, 50 g";"cajPP/makosko";"116548";"FG312";"9990000116548";"ks"
"Sypaný ovocno-koreninový čaj Mango, kokos, škorica, 100 g";"cajPP/makosko100";"143459";"FG451";"9990000143459";"ks"
"Tepede Florence Canvas 380g, 44'' - 1118mm, 12m (24951)";"canvasflorence44";"58195";"VF160c";"9990000058195";"rol"
"Canvas PIERRE SB, 370g, 60'' - 1520mm, 25m";"canvaspierreSB60";"107097";"VF073";"9990000107097";"rol"
"Tepede Canvas Roma 320g, 44'' - 1118 mm, 12m";"canvasroma44";"109916";"VF158";"9990000109916";"rol"
"VERBATIM CD-R AZO Crystal 700MB 52x cake box (bal=50ks) 43343";"cdr/ve700cr50cb";"21537";"FG361";"023942433439";"bal"
"VERBATIM CD-R DTL+ Printable 700MB 52x cake box (bal=50ks) wide non iD 43745";"cdr/ve700p50nonid";"100301";"FG363";"023942437451";"bal"
"Plastový držiak na médiá CD/DVD, čierna";"cdtray1";"50605";"FG266";"9990000050605";"ks"
"Centropen 8586 PERMANENT 2,5mm,guľatý hrot biely";"ce858649";"95152";"FG015";"8595013631119";"ks"
"N6 CF01 Ružová fluorescentná fólia";"cf01";"55952";"FV132";"9990000055952";"m2"
"N6 CF02 Zelená fluorescentná fólia";"cf02";"55951";"FV133";"9990000055951";"m2"
"N6 CF03 Červená fluorescentná fólia";"cf03";"49411";"FV134";"9990000049411";"m2"
"Elegantný hliníkový obal na cigarety - červený matný";"cigobal/červený";"102565";"FG053";"9990000102565";"ks"
"Elegantný hliníkový obal na cigarety - čierny matný";"cigobal/čierny";"102562";"FG054";"9990000102562";"ks"
"Elegantný hliníkový obal na cigarety - fialový matný";"cigobal/fialový";"102566";"FG055";"9990000102566";"ks"
"Elegantný hliníkový obal na cigarety - modrý matný";"cigobal/modrý";"102563";"FG056";"9990000102563";"ks"
"Elegantný hliníkový obal na cigarety - zlatý matný";"cigobal/zlatý";"102564";"FG058";"9990000102564";"ks"
"Mitsubishi CK9046 foto 10x15 (600ks)";"ck9046";"53321";"MF742";"4902901476570";"bal"
"Comix Obal ECONOMIC A4 PP so zapínaním, mix";"coa1707";"48524";"";"6926032317074";"ks"
"Conqueror CX22, A4/100g, cream";"con308537";"56039";"PV072";"9990000056039";"hár"
"Plastový materiál textovej platne pre laser, biely, 1,5 mm A5 (1/310 cm2)";"coplast/biely";"98690";"PE143";"9990000098690";"cm2"
"Cortape Prenosový papier 1220mm/100m";"cortape1220";"143076";"FV175";"9990000143076";"m2"
"Ružovozlatá metalická fólia, gloss";"cr420009";"143939";"FV172";"9990000143939";"m2"
"Ružovozlatá metalická fólia, brush";"cr420010";"143940";"FV173";"9990000143940";"m2"
"Strieborná metalická fólia, gloss";"cr420062";"132205";"FV004";"9990000132205";"m2"
"Strieborná metalická fólia, brush";"cr420064";"132206";"FV003";"9990000132206";"m2"
"Zlatá metalická fólia, gloss";"cr420073";"132207";"FV006";"9990000132207";"m2"
"Zlatá metalická fólia, brush";"cr420078";"132208";"FV005";"9990000132208";"m2"
"ColorWay A3 sublimačný fotopapier (1/50) ( PSM100050A3 )";"cw3";"147991";"FN120";"6932357413568";"hár"
"Cyclus ofsetový recyklovaný papier nenatieraný SRA3/115g, 320x450mm";"cyclus/115/sra3";"114281";"MF504";"9990000114281";"hár"
"Doska-podložka písacia A5 s klipom laminovaná biela";"d/a5k/b";"97774";"";"8586009650719";"ks"
"Diár 2027 MANAGER A5 denný, 336 strán 140x204mm,čierny";"d2027/d011";"156823";"FG425";"8588001623234";"ks"
"Diár 2027 MANAGER A5 denný, 336 strán 140x204mm, modrý";"d2027/d012";"156826";"FG424";"8588001623531";"ks"
"Diár 2027 MANAGER A5 denný, 336 strán 140x204mm, zelený";"d2027/d013";"156827";"FG563";"8588001623562";"ks"
"Diár 2027 MANAGER A5 denný, 336 strán 140x204mm,bordový";"d2027/d014";"156822";"FG427";"8588001623548";"ks"
"Diár 2027 MANAGER A5 denný, 336 strán 140x204mm, strieborný";"d2027/d015";"156828";"FG564";"8588001623517";"ks"
"Diár 2027 MANAGER A5 denný, 336 strán 140x204mm, platinový";"d2027/d017";"156829";"FG428";"8588001623432";"ks"
"Desistar 150 ofsetový recyklovaný papier nenatieraný SRA3/300g, 320x450mm";"desistar150/300/sr";"114282";"MF505";"9990000114282";"hár"
"Dibond hliníková doska, antracit, hrúbka 3 mm";"dibond1500x3050/a";"143196";"FG467";"9990000143196";"m2"
"Dibond hliníková doska, biela/signal white, hrúbka 3 mm";"dibond1500x3050/b";"143193";"FG468";"9990000143193";"m2"
"Dibond hliníková doska, čierna, hrúbka 3 mm";"dibond1500x3050/c";"143195";"FG470";"9990000143195";"m2"
"Dibond hliníková doska, strieborná brúsená, hrúbka 3 mm";"dibond1500x3050/s";"143197";"FG471";"9990000143197";"m2"
"Dibond hliníková doska, bronzová/ zlatá brúsená, hrúbka 3 mm";"dibond1500x3050b/z";"143198";"FG469";"9990000143198";"m2"
"Dibond hliníková doska s oblými rohmi 7 mm, biela/biela, A4, hrúbka 3 mm";"dibonda4";"119007";"FG029";"9990000119007";"ks"
"Krabička darčeková pukačka, strieborná perleť 75x110x35mm";"dk1111/pus";"96085";"DB014";"8588002057235";"ks"
"Krabička darčeková pukačka, zlatá perleť 75x110x35mm";"dk1111/puz";"96086";"DB015";"8588002057238";"ks"
"Krabička darčeková s mašľou 140x140x163 mm perleťovo sivá farba";"dk1414";"115047";"DB016";"9990000115047";"ks"
"Krabička darčeková 200x120x50mm strieborno-sivá farba";"dk2012s";"101551";"DB010";"9990000101551";"ks"
"Krabička darčeková vínová 285x190x50mm";"dk2819";"84538";"";"9990000084538";"ks"
"Krabička darčeková 280x195x40mm strieborno-sivá farba";"dk2819s";"101552";"DB011";"9990000101552";"ks"
"Krabička darčeková 300x300x50mm strieborno-sivá farba";"dk3030s";"101553";"DB012";"9990000101553";"ks"
"Krabička darčeková vínová 60x50x25mm";"dk65";"84537";"";"9990000084537";"ks"
"Krabička darčeková vínovo-zlatá 60x50x25mm";"dk65/p";"83760";"";"9990000083760";"ks"
"N1 Kemica DMG3000 Biela lesklá samolepiaca fólia (3-5 rokov)";"dmg3000";"102736";"FV043";"9990000102736";"m2"
"N1 Kemica DMG3001 Čierna lesklá samolepiaca fólia (3-5 rokov)";"dmg3001";"102737";"FV044";"9990000102737";"m2"
"N1 Kemica DMG3002 Zlatá lesklá samolepiaca fólia (3-5 rokov)";"dmg3002";"102938";"FV045";"9990000102938";"m2"
"N1 Kemica DMG3003 Béžová lesklá samolepiaca fólia (3-5 rokov)";"dmg3003";"102931";"FV046";"9990000102931";"m2"
"N1 Kemica DMG3004 Magenta lesklá samolepiaca fólia (3-5 rokov)";"dmg3004";"102913";"FV047";"9990000102913";"m2"
"N1 Kemica DMG3006 Fialová lesklá samolepiaca fólia (3-5 rokov)";"dmg3006";"102914";"FV048";"9990000102914";"m2"
"N1 Kemica DMG3007 Hnedá lesklá samolepiaca fólia (3-5 rokov)";"dmg3007";"102932";"FV049";"9990000102932";"m2"
"N1 Kemica DMG3008 Strieborná lesklá samolepiaca fólia (3-5 rokov)";"dmg3008";"102936";"FV050";"9990000102936";"m2"
"N1 Kemica DMG3010 Svetlo-žltá lesklá samolepiaca fólia (3-5 rokov)";"dmg3010";"102903";"FV051";"9990000102903";"m2"
"N1 Kemica DMG3011 Slabo-žltá lesklá samolepiaca fólia (3-5 rokov)";"dmg3011";"102904";"FV052";"9990000102904";"m2"
"N1 Kemica DMG3014 Tmavo-žltá lesklá samolepiaca fólia (3-5 rokov)";"dmg3014";"102906";"FV053";"9990000102906";"m2"
"N1 Kemica DMG3015 Stredne-žltá lesklá samolepiaca fólia (3-5 rokov)";"dmg3015";"102905";"FV054";"9990000102905";"m2"
"N1 Kemica DMG3018 Oranžová lesklá samolepiaca fólia (3-5 rokov)";"dmg3018";"102907";"FV055";"9990000102907";"m2"
"N1 Kemica G3018/1220 mm Oranžovo-červená lesklá samolepiaca fólia (3-5 rokov)";"dmg3019";"102908";"FV057";"9990000102908";"m2"
"N1 Kemica DMG3021 Čerešňovo- červená lesklá samolepiaca fólia (3-5 rokov)";"dmg3021";"102547";"FV058";"9990000102547";"m2"
"N1 Kemica DMG3022 Červená lesklá samolepiaca fólia (3-5 rokov)";"dmg3022";"102909";"FV059";"9990000102909";"m2"
"N1 Kemica DMG3025 Paradajkovo- červená lesklá samolepiaca fólia (3-5 rokov)";"dmg3025";"102911";"FV061";"9990000102911";"m2"
"N1 Kemica DMG3026 Tmavo- červená lesklá samolepiaca fólia (3-5 rokov)";"dmg3026";"101026";"FV062";"9990000101026";"m2"
"N1 Kemica DMG3028 Bordová lesklá samolepiaca fólia (3-5 rokov)";"dmg3028";"102912";"FV063";"9990000102912";"m2"
"N1 Kemica DMG3030 Výrazná modrá lesklá samolepiaca fólia (3-5 rokov)";"dmg3030";"102922";"FV064";"9990000102922";"m2"
"N1 Kemica DMG3031 Slabo-modrá lesklá samolepiaca fólia (3-5 rokov)";"dmg3031";"102915";"FV065";"9990000102915";"m2"
"N1 Kemica DMG3032 Nebesky- modrá lesklá samolepiaca fólia (3-5 rokov)";"dmg3032";"102916";"FV066";"9990000102916";"m2"
"N1 Kemica DMG3033 Modrá lesklá samolepiaca fólia (3-5 rokov)";"dmg3033";"102917";"FV067";"9990000102917";"m2"
"N1 Kemica DMG3034 Kráľovská modrá lesklá samolepiaca fólia (3-5 rokov)";"dmg3034";"102923";"FV068";"9990000102923";"m2"
"N1 Kemica DMG3036 Stredne- modrá lesklá samolepiaca fólia (3-5 rokov)";"dmg3036";"102920";"FV070";"9990000102920";"m2"
"N1 Kemica DMG3038 Tyrkysová lesklá samolepiaca fólia (3-5 rokov)";"dmg3038";"102925";"FV072";"9990000102925";"m2"
"N1 Kemica DMG3039 Aqua zelená lesklá samolepiaca fólia (3-5 rokov)";"dmg3039";"102924";"FV073";"9990000102924";"m2"
"N1 Kemica DMG3040 Jablkovo- zelená lesklá samolepiaca fólia (3-5 rokov)";"dmg3040";"102927";"FV074";"9990000102927";"m2"
"N1 Kemica DMG3041 Zelená lesklá samolepiaca fólia (3-5 rokov)";"dmg3041";"102929";"FV075";"9990000102929";"m2"
"N1 Kemica DMG3042 Tmavo-zelená lesklá samolepiaca fólia (3-5 rokov)";"dmg3042";"102930";"FV076";"9990000102930";"m2"
"N1 Kemica DMG3044 Svetlo-zelená lesklá samolepiaca fólia (3-5 rokov)";"dmg3044";"102926";"FV077";"9990000102926";"m2"
"N1 Kemica DMG3045 Stredne- zelená lesklá samolepiaca fólia (3-5 rokov)";"dmg3045";"102928";"FV078";"9990000102928";"m2"
"N1 Kemica DMG3050 Tmavo-šedá lesklá samolepiaca fólia (3-5 rokov)";"dmg3050";"102935";"FV079";"9990000102935";"m2"
"N1 Kemica DMG3051 Šedá lesklá samolepiaca fólia (3-5 rokov)";"dmg3051";"102934";"FV080";"9990000102934";"m2"
"N1 Kemica DMG3052 Svetlo-šedá lesklá samolepiaca fólia (3-5 rokov)";"dmg3052";"102933";"FV081";"9990000102933";"m2"
"N1 Kemica DMG3060 Transparentná lesklá samolepiaca fólia (3-5 rokov)";"dmg3060";"102902";"FV082";"9990000102902";"m2"
"N1 Megarex DMG6700 Sv. šedá lesklá samolepiaca fólia (do 3 rokov)";"dmg6700";"79136";"FV120";"9990000079136";"m2"
"N1 Kemica DMM3100 Biela matná samolepiaca fólia (3-5 rokov)";"dmm3100";"102939";"FV083";"9990000102939";"m2"
"N1 Kemica DMM3101 Čierna matná samolepiaca fólia (3-5 rokov)";"dmm3101";"102940";"FV084";"9990000102940";"m2"
"N1 Kemica DMM3102 Zlatá matná samolepiaca fólia (3-5 rokov)";"dmm3102";"102971";"FV085";"9990000102971";"m2"
"N1 Kemica DMM3103 Béžová matná samolepiaca fólia (3-5 rokov)";"dmm3103";"102968";"FV086";"9990000102968";"m2"
"N1 Kemica DMM3104 Magenta matná samolepiaca fólia (3-5 rokov)";"dmm3104";"102953";"FV087";"9990000102953";"m2"
"N1 Kemica DMM3106 Fialová matná samolepiaca fólia (3-5 rokov)";"dmm3106";"102954";"FV088";"9990000102954";"m2"
"N1 Kemica DMM3108 Strieborná matná samolepiaca fólia (3-5 rokov)";"dmm3108";"102970";"FV089";"9990000102970";"m2"
"N1 Kemica DMM3113 Svetlo-žltá matná samolepiaca fólia (3-5 rokov)";"dmm3113";"102942";"FV090";"9990000102942";"m2"
"N1 Kemica DMM3114 Tmavo-žltá matná samolepiaca fólia (3-5 rokov)";"dmm3114";"102945";"FV091";"9990000102945";"m2"
"N1 Kemica DMM3115 Stredne-žltá matná samolepiaca fólia (3-5 rokov)";"dmm3115";"102944";"FV092";"9990000102944";"m2"
"N1 Kemica DMM3116 Slabo-žltá matná samolepiaca fólia (3-5 rokov)";"dmm3116";"102943";"FV093";"9990000102943";"m2"
"N1 Kemica DMM3118 Oranžová matná samolepiaca fólia (3-5 rokov)";"dmm3118";"102948";"FV094";"9990000102948";"m2"
"N1 Kemica DMM3122 Červená matná samolepiaca fólia (3-5 rokov)";"dmm3122";"102950";"FV096";"9990000102950";"m2"
"N1 Kemica DMM3125 Paradajkovo- červená matná samolepiaca fólia (3-5 rokov)";"dmm3125";"102951";"FV097";"9990000102951";"m2"
"N1 Kemica DMM3126 Tmavo- červená matná samolepiaca fólia (3-5 rokov)";"dmm3126";"104222";"FV098";"9990000104222";"m2"
"N1 Kemica DMM3128 Bordová matná samolepiaca fólia (3-5 rokov)";"dmm3128";"102952";"FV099";"9990000102952";"m2"
"N1 Kemica DMM3130 Výrazná modrá matná samolepiaca fólia (3-5 rokov)";"dmm3130";"102958";"FV100";"9990000102958";"m2"
"N1 Kemica DMM3132 Slabo-modrá matná samolepiaca fólia (3-5 rokov)";"dmm3132";"102955";"FV101";"9990000102955";"m2"
"N1 Kemica DMM3133 Modrá matná samolepiaca fólia (3-5 rokov)";"dmm3133";"102956";"FV102";"9990000102956";"m2"
"N1 Kemica DMM3134 Kráľovská modrá matná samolepiaca fólia (3-5 rokov)";"dmm3134";"102897";"FV103";"9990000102897";"m2"
"N1 Kemica DMM3135 Tmavo-modrá matná samolepiaca fólia (3-5 rokov)";"dmm3135";"102959";"FV104";"9990000102959";"m2"
"N1 Kemica DMM3136 Stredne- modrá matná samolepiaca fólia (3-5 rokov)";"dmm3136";"102957";"FV105";"9990000102957";"m2"
"N1 Kemica DMM3137 Námornícka modrá matná samolepiaca fólia (3-5 rokov)";"dmm3137";"102960";"FV106";"9990000102960";"m2"
"N1 Kemica DMM3138 Tyrkysová matná samolepiaca fólia (3-5 rokov)";"dmm3138";"102962";"FV107";"9990000102962";"m2"
"N1 Kemica DMM3139 Svetlo-aqua zelená matná samolepiaca fólia (3-5 rokov)";"dmm3139";"102961";"FV108";"9990000102961";"m2"
"N1 Kemica DMM3140 Jablkovo- zelená matná samolepiaca fólia (3-5 rokov)";"dmm3140";"102964";"FV109";"9990000102964";"m2"
"N1 Kemica DMM3141 Zelená matná samolepiaca fólia (3-5 rokov)";"dmm3141";"102966";"FV110";"9990000102966";"m2"
"N1 Kemica DMM3142 Stredne- zelená matná samolepiaca fólia (3-5 rokov)";"dmm3142";"102965";"FV111";"9990000102965";"m2"
"N1 Kemica DMM3143 Tmavo-zelená matná samolepiaca fólia (3-5 rokov)";"dmm3143";"102967";"FV112";"9990000102967";"m2"
"N1 Kemica DMM3144 Svetlo-zelená matná samolepiaca fólia (3-5 rokov)";"dmm3144";"102963";"FV113";"9990000102963";"m2"
"N1 Kemica DMM3150 Tmavo-šedá matná samolepiaca fólia (3-5 rokov)";"dmm3150";"102702";"FV114";"9990000102702";"m2"
"N1 Kemica DMM3151 Šedá matná samolepiaca fólia (3-5 rokov)";"dmm3151";"102208";"FV115";"9990000102208";"m2"
"N1 Kemica DMM3152 Svetlo-šedá matná samolepiaca fólia (3-5 rokov)";"dmm3152";"102969";"FV116";"9990000102969";"m2"
"N1 Kemica DMM3160 Transparentná matná samolepiaca fólia (3-5 rokov)";"dmm3160";"102941";"FV117";"9990000102941";"m2"
"Euroobal A4 lesklý 40 mic (bal=100ks)";"do176300";"64036";"FG419";"5901503651636";"bal"
"Donau Zakladač pákový PP A4/5cm biely";"do395009";"57339";"";"5901498011675";"ks"
"Známka Military BIG (Dog Tag), červený";"dogtag/ce";"103980";"FG403";"9990000103980";"ks"
"Známka Military BIG (Dog Tag), čierna";"dogtag/cie";"103979";"FG404";"9990000103979";"ks"
"Známka Military BIG (Dog Tag), fialová";"dogtag/fi";"103981";"FG405";"9990000103981";"ks"
"Dog Tag kľúčový krúžok, 25mm";"dogtag/k";"76780";"FG030";"9990000076780";"ks"
"Známka Military BIG (Dog Tag), tm.modrá";"dogtag/mo";"96404";"FG407";"9990000096404";"ks"
"Dog Tag retiazka oceľ, 60cm";"dogtag/r";"75945";"FG032";"9990000075945";"ks"
"Dog Tag retiazka oceľ, 10cm";"dogtag/rk";"79977";"FG031";"9990000079977";"ks"
"Známka Military BIG (Dog Tag), ružová";"dogtag/ru";"103978";"FG406";"9990000103978";"ks"
"Dog Tag tlmič, červená";"dogtag/tce";"75947";"FG033";"9990000075947";"ks"
"Dog Tag tlmič, čierna";"dogtag/tci";"75946";"FG034";"9990000075946";"ks"
"Dog Tag tlmič, modrá";"dogtag/tmo";"75948";"FG035";"9990000075948";"ks"
"Dog Tag známka, matná oceľ";"dogtag/z";"75943";"FG036";"9990000075943";"ks"
"Známka Military BIG (Dog Tag), zlatá";"dogtag/zl";"103977";"FG408";"9990000103977";"ks"
"Doska PVC biela - 1mm";"doskapvc1";"104532";"FG038";"9990000104532";"m2"
"Doska PVC biela - 10mm";"doskapvc10/b";"106859";"FG037";"9990000106859";"m2"
"Doska PVC čierna - 10mm";"doskapvc10/c";"142991";"FG453";"9990000142991";"m2"
"Doska PVC biela - 2mm";"doskapvc2";"104552";"FG039";"9990000104552";"m2"
"Doska PVC biela - 3mm";"doskapvc3";"104612";"FG040";"9990000104612";"m2"
"Doska PVC červená - 3mm";"doskapvc3/ce";"143125";"FG454";"9990000143125";"m2"
"Doska PVC biela - 4mm";"doskapvc4";"104614";"FG041";"9990000104614";"m2"
"Doska PVC biela - 5mm";"doskapvc5/b";"104616";"FG042";"9990000104616";"m2"
"Doska PVC čierna - 5mm";"doskapvc5/c";"143200";"FG455";"9990000143200";"m2"
"Doska PVC červená - 5mm";"doskapvc5/ce";"143203";"FG456";"9990000143203";"m2"
"Doska PVC modrá - 5mm";"doskapvc5/m";"143202";"FG457";"9990000143202";"m2"
"Doska PVC sivá - 5mm";"doskapvc5/s";"143201";"FG458";"9990000143201";"m2"
"Doska PVC biela - 8mm";"doskapvc8";"104618";"FG043";"9990000104618";"m2"
"Darčeková stužka červená lesklá 10mm x 225m";"dscervena";"98624";"FG018";"3663777086898";"ks"
"Darčeková stužka modrá 7mm x 225m";"dsmodra";"98625";"FG019";"9990000098623";"ks"
"Darčeková stužka strieborná lesklá 10mm x 225m";"dsstrieborna";"98622";"FG020";"9990000098622";"ks"
"Darčeková stužka zlatá lesklá 10mm x 225m";"dszlata";"98623";"FG021";"3663777086911";"ks"
"Taška darčeková T4 celor. (190x230x100mm) mix";"dt14330";"75984";"DB053";"5906664000255";"ks"
"Taška darčeková T6 celor. (300x230x100mm) mix";"dt14344";"75986";"DB055";"5906664000262";"ks"
"Taška darčeková T2 celor. (160x160x80mm) mix";"dt14353";"75982";"DB051";"5906664000224";"ks"
"Taška darčeková T8 celor. (380x290x100mm) mix";"dt14365";"75988";"DB056";"5906664000286";"ks"
"Taška darčeková T5 celor. (230x320x110mm) mix";"dt14376";"75985";"DB054";"5906664000156";"ks"
"Taška darčeková T3 celor. (160x240x70mm) mix";"dt14379";"75983";"DB052";"5906664000231";"ks"
"Taška darčeková T1 celor. (100x160x60mm) mix";"dt14396";"75981";"DB058";"5906664000217";"ks"
"Durable Vrecko rohové 75x75mm samolepiace (bal=8ks)";"du808119";"82213";"FG052";"4005546840376";"bal"
"Durable Vrecko rohové 75x75mm samolepiace (bal=100ks)";"du828119";"139264";"FG423";"9990000139264";"bal"
"Durable Magnety na visačku (bal=10ks)";"du891700";"99228";"";"4005546808765";"bal"
"Durable Lišty násuvné 1-30listov biele (bal=100ks)";"dur30/biela";"33084";"HL005";"4005546290027";"bal"
"Durable Lišty násuvné 1-30listov červené (bal=100ks)";"dur30/cervena";"33085";"HL006";"4005546290034";"bal"
"Durable Lišty násuvné 1-60listov biele (bal=100ks)";"dur60/biela";"33094";"HL013";"4005546290126";"bal"
"Durable Lišty násuvné 1-60listov červené (bal=100ks)";"dur60/cervena";"33095";"HL014";"4005546290133";"bal"
"Durable Lišty násuvné 1-60listov čierne (bal=100ks)";"dur60/cierna";"33093";"HL015";"4005546290119";"bal"
"Durable Lišty násuvné 1-60listov žlté (bal=100ks)";"dur60/zlta";"33096";"HL021";"4005546290140";"bal"
"VERBATIM DVD-R 4,7GB 16x cake box (bal=10ks) 43523";"dvd-r/ve120/16 10c";"21618";"FG369";"0023942435235";"bal"
"VERBATIM DVD-R Printable non ID 4.7GB 16x cake box (bal=50ks) 43533";"dvd-r/ve120/16p50c";"29737";"FG372";"023942435334";"bal"
"EASYFLOOR podlahová samolepiaca fólia biela matná 1370mm (54""), 50m";"easyfloor/1370/50";"117306";"FV008";"9990000117306";"rol"
"Doska spisová A4 poťahovaná mramor čierna";"ec017710";"32138";"OV001";"5901498080619";"ks"
"Euroobal A4 matný 50mic (bal=100ks)";"ec121590";"129221";"FG060";"5901503615430";"bal"
"Novatech digitálny natieraný papier Silk SRA3/150g,320x450mm (bal=500hár)";"eds315sr/500";"146929";"MF751";"9990000146929";"bal"
"Epson S020447 Atramentová náplň Cyan";"eppjic1";"49759";"";"4548056917263";"ks"
"Epson S020448 Atramentová náplň Light Cyan";"eppjic2";"49760";"";"8715946716091";"ks"
"Epson S020449 Atramentová náplň Light Magenta";"eppjic3";"49761";"";"4548056917287";"ks"
"Epson S020450/S020691 Atramentová náplň Magenta";"eppjic4/7";"49762";"";"8715946716213";"ks"
"Epson S020451 Atramentová náplň Yellow";"eppjic5";"49763";"";"4548056918239";"ks"
"Epson S020452 Atramentová náplň Black";"eppjic6";"49764";"";"4548056918246";"ks"
"Esselte Zakladač A4/62mm/4Dkr. biely";"es049704";"9901";"";"5701216497046";"ks"
"Leitz Blok poznámkový WOW špirála A5/80l linajkový biely";"es463901";"127342";"";"4002432121342";"ks"
"Etikety Raflatac Raflagloss A4, biele, lesklé, split, interiérové";"et210297br";"58360";"ET329";"9990000058360";"hár"
"Etikety JAC Etikety laser 210x297mm/A4,biele lesklé (bal=100hár)";"et210297lg";"50399";"ET363";"4013793201697";"bal"
"Etikety JAC A4, biele, matné, split, interiérové";"et210297ms";"86252";"ET327";"9990000086252";"hár"
"Etikety JAC PRINT univerzálne 25x10mm/A4,biele (bal=100hár)";"et2510";"50764";"ET367";"8585026100429";"bal"
"Etikety JAC PRINT univerzálne kruhové 40mm/A4,biele (bal=100hár)";"et40";"50416";"ET378";"8588002038396";"bal"
"Etikety Raflatac Raflagloss 297x420mm/A3, biele, lesklé, split, interiérové";"et420297br";"58356";"ET328";"9990000058356";"hár"
"Etikety JAC univerzálne 297x420mm/A3, biele matné, split, interiérové";"et420297ms";"86253";"ET337";"9990000086253";"hár"
"Etikety Raflatac Polylaser Matt HS 320x450mm/SRA3, 75g/m2 biele matné, exteriérové (bal=250hár)";"et450320raf";"139869";"ET415";"9990000139869";"bal"
"Etikety samolepiace 500x700mm biele, lesklé, odnímateľné lepidlo, split (bal=200hár)";"et500700l";"103163";"ET353";"9990000103163";"bal"
"Etikety JAC PRINT univerzálne kruhové 60mm/A4,biele (bal=100hár)";"et60";"50765";"ET379";"8588002263507";"bal"
"Etikety JAC PRINT univerzálne 70x41mm/A4,biele (bal=100hár)";"et7041b";"50754";"ET373";"9990000050754";"bal"
"Etikety Raflatac Antique 90g,320x450mm/SRA3, biele matné, štruktúrované";"etraftacrazba/bsra";"105920";"ET342";"9990000105920";"hár"
"Etikety Raflatac Antique 90g,320x450mm/SRA3, krémové matné, štruktúrované";"etraftacrazba/ksra";"105919";"ET343";"9990000105919";"hár"
"Etikety Raflatac laser 320x450mm/SRA3, biele,vysoko lesklé (bal=250hár)";"etraftacsra3l";"101176";"ET346";"6415787147215";"bal"
"Etikety Raflatac Polylaser 320x450mm/SRA3, transp. lesklé, exteriérové (bal=250hár)";"etraftacsra3pett";"97607";"ET347";"6415787161198";"bal"
"Exkluzívny zrkadlový papier A4, 210x297 mm/300g Mirror zlatý";"ezkmirror/300/a4";"115905";"PF004";"9990000115905";"hár"
"Fólia protinárazová bublinková 0,5m x 100m";"f/bub05x100";"56409";"FV012";"9990000056409";"rolka"
"Laminovacia fólia 1000mmx300m 38mic, d75, lesklá";"f100030038/l";"95316";"FL055";"9990000095316";"rol"
"Laminovacia fólia A5/100mic lesklá (bal=100hár)";"f154216100";"30578";"FL069";"8595188011327";"bal"
"Laminovacia fólia A5/100mic matná (bal=100hár)";"f154216100mat";"18073";"FL070";"8594064862763";"bal"
"Q-Connect Laminovacia fólia A5/125mic lesklá (bal=100hár)";"f154216125";"30579";"FL111";"0077511530739";"bal"
"Q-Connect Laminovacia fólia A5/80mic lesklá (bal=100hár)";"f15421680";"30577";"FL112";"8594064860264";"bal"
"Laminovacia fólia A4/100mic lesklá (bal=100hár)";"f216303100/100";"82266";"FL066";"4715388413750";"bal"
"GMP Laminovacia fólia A4/100mic matná (bal=100hár)";"f216303100gmpm";"30605";"FL042";"8803463391560";"bal"
"Laminovacia fólia SOFT TOUCH MATT A4/100mic (bal=100ks)";"f216303103/100";"113277";"FL076";"8594064872892";"bal"
"Laminovacia fólia TEXTURE MATT A4/100mic (bal=100ks)";"f216303104/100";"113278";"FL082";"8594064872885";"bal"
"Laminovacia fólia A4/125mic lesklá (bal=100hár)";"f216303125lf";"30599";"FL067";"4715388414757";"bal"
"Q-Connect Laminovacia fólia A4/125mic matná (bal=100hár)";"f216303125lfm";"83715";"FL108";"5705831240551";"bal"
"Q-Connect Laminovacia fólia A4/175mic (bal=100hár)";"f216303175";"30583";"FL109";"0077511530876";"bal"
"Fellowes Laminovacia fólia A4/250mic (bal=100hár)";"f216303250";"30584";"FL021";"0077511540189";"bal"
"Fellowes Laminovacia fólia A4/80mic (bal=100hár)";"f21630380";"30581";"FL022";"50043859471961";"bal"
"Laminovacia fólia A4/80mic lesklá (bal=100hár)";"f21630380/100";"82267";"FL068";"5705831041141";"bal"
"Fellowes Laminovacia fólia A4/80mic matná (bal=100hár)";"f21630380mat";"30604";"FL026";"043859522330";"bal"
"GMP Laminovacia fólia A3/100mic matná (bal=100hár)";"f303426100gmpm";"30608";"FL040";"8803463391638";"bal"
"Laminovacia fólia A3/100mic lesklá (bal=100hár)";"f303426100lf";"30601";"FL105";"4715388413880";"bal"
"Fellowes Laminovacia fólia adhezívna A3/125mic lesklá (bal=100hár)";"f303426125a";"99230";"FL029";"43859641536";"bal"
"Laminovacia fólia A3/125mic lesklá (bal=100hár)";"f303426125lf";"30602";"FL106";"4715388414887";"bal"
"Laminovacia fólia A3/80mic lesklá (bal=100hár)";"f30342680lf";"30600";"FL107";"4715388412883";"bal"
"Fellowes Laminovacia fólia A3/80mic matná (bal=100hár)";"f30342680mat";"30607";"FL016";"0043859522323";"bal"
"Laminovacia fólia Superstick matná 317mmx500m 42mic (d25mm)";"f31750042matss";"116519";"FL080";"8594064866693";"rol"
"Laminovacia fólia Soft Touch 325mm x350m, 35mic";"f32535035st";"117537";"FL075";"9990000117537";"rol"
"Laminovacia fólia lesklá 325mm x500m, 42mic";"f32550042leskss";"117536";"FL073";"9990000117536";"rol"
"Laminovacia fólia matná 325mm x500m, 42mic";"f32550042matss";"117427";"FL074";"9990000117427";"rol"
"Fólia na krúžkovú väzbu Futura A3SRA/280mic číra (bal=100ks)";"f3sra/cira";"104246";"HL037";"9990000104246";"bal"
"Fólia na krúžkovú väzbu Futura A4/280mic priehľadná matná (bal=100ks)";"f4/ciry";"17932";"HL038";"077511537653";"bal"
"Laminovacia fólia A2/125mic, 426x600mm lesklá (bal=100)";"f600426125";"59634";"FL063";"9990000059634";"bal"
"Laminovacia fólia 65x95mm/125mic lesklá (bal=100hár)";"f6595125";"29410";"FL057";"5705831012134";"bal"
"Faber-Castell Fibre-Tip fixky (bal=12ks)";"fc554212";"98347";"FG061";"8591272000659";"ks"
"Faber-Castell Fibre-Tip fixky (sada=24ks)";"fc554224";"98345";"FG062";"8591272000666";"ks"
"Laminovacia fólia 75x105mm 125mic (bal=100hár)";"fe530690";"6853";"FL058";"077511530692";"bal"
"Laminovacia fólia 111x154mm/A6/125mic lesklá (bal=100hár)";"fe530720";"6805";"FL056";"0077511530722";"bal"
"Fellowes Laminovacia fólia A3/125mic matná (bal=100hár)";"fe532860";"102735";"FL011";"043859641499";"bal"
"Cestovná fľaša, biela, 200mm, 75mm, 600ml";"flasa";"83296";"KE001";"9990000083296";"ks"
"Náprsná fľaška silver (ploskačka), 180 ml";"flasan";"84092";"FG169";"5901115812816";"ks"
"Náprsná fľaška červená (ploskačka), 180 ml";"flasan/červená";"108421";"FG166";"5901115833130";"ks"
"Náprsná fľaška čierna (ploskačka), 180 ml";"flasan/čierna";"108426";"FG167";"5901115821915";"ks"
"Náprsná fľaška modrá (ploskačka), 180 ml";"flasan/modrá";"108416";"FG168";"5901115833161";"ks"
"Náprsná fľaška zlatá (ploskačka), 180 ml";"flasan/zlatá";"108424";"FG171";"5901115832980";"ks"
"Foil Xpress Páska Red";"foilxpressribr";"58754";"OV008";"9990000058754";"ks"
"CPM6.5 A4 Transferový papier (bal 1/100)";"folia/cpm65";"49041";"MF732";"9990000049041";"hár"
"DCT4.5C Obtlačková (waterslide) fólia A4, priehľadná, do laserovej tlačiarne";"folia/dct45c";"62960";"FM005";"9990000062960";"hár"
"DCT4.5W Obtlačková (waterslide) fólia A4, biela, do laserovej tlačiarne";"folia/dct45w";"62959";"FM006";"9990000062959";"hár"
"Fólia strieborná Unifoil/FoilXpress - rolka (100m= 1 rolka)";"foliaunifxpst/m";"102996";"OV012";"9990000102996";"bm"
"Fólia zlatá Unifoil/FoilXpress - rolka (100m= 1 rolka)";"foliaunifxpzl/m";"102995";"OV014";"9990000102995";"bm"
"Fomei PRO Gloss 265 A3/50 (bal=50ks)";"fomeiEY5151";"143084";"MF748";"8590385351511";"bal"
"Fomei PRO Gloss 265 A2/20 (bal=20ks)";"fomeiEY5222";"142797";"MF747";"8590385352228";"bal"
"Fomei PRO Pearl Gloss 265 61cm x 30,5m (EY5413)";"fomeiey5413";"132495";"VF203";"8590385354130";"rol"
"Fomei PRO Pearl Satin 265 36"" (914mm), 30,5m (EY5418)";"fomeiey5418";"144354";"VF210";"8590385354185";"rol"
"Fomei PRO Gloss 265 A4/100 (bal=100ks)";"fomeiEY5477";"143083";"MF749";"8590385354772";"bal"
"Fomei PRO Gloss 205 24"" 61cm x 30,5m (EY5860)";"fomeiey5860";"144348";"VF204c";"8590385358602";"rol"
"Fomei PRO Gloss 205 42"" 106,7cm x 30,5m (EY5875)";"fomeiey5875";"144247";"VF204b";"8590385358756";"rol"
"Fomei Photo Matt 230g, 42"" (1067mm), 30m ( EY5963-1)";"fomeiey59631";"144358";"VF206";"8590385359630";"rol"
"Formula digital samoprep. papier biely 297x210mm,80g/m2, vrchný list (bal=500hár)";"formula/cbdf";"144359";"";"9990000144359";"bal"
"Formula digital samoprep. papier biely 297x210mm,80g/m2, stredový list (bal=500hár)";"formula/cfbdf";"139825";"";"9990000139825";"bal"
"Formula digital samoprep. papier biely 297x210mm,80g/m2, spodný list (bal=500hár)";"formula/cfdf";"144604";"";"9990000144604";"bal"
"Fujifilm Instax mini Film 20 fotografií (len pre instax mini)";"fujifilminstaxmini";"85915";"";"4547410364866";"bal"
"Pauzovací papier SRA3/110g (bal=250)";"gdsra3110";"114405";"MF728";"9990000114405";"bal"
"Pauzovací papier SRA3/150g (bal=150)";"gdsra3150";"114406";"MF729";"9990000114406";"bal"
"GOFrame Hexagon Collage Clip (plastový klip/spona) (1/40 ks)";"gf/hexaclip";"104704";"FO042";"8590385511663";"ks"
"GOFrame Hexagon Corner Kit (pozičný roh - 1 ks)";"gf/hexaroh/ks";"105504";"FG516";"013964830163";"ks"
"GOFrame Canvas Trimmer (nôž na rezanie plátna)";"gf/noz";"105508";"FG517";"9990000105508";"ks"
"Giroform samoprep. papier biely 297x210mm, 80g/m2, spodný list";"giroform/cf/d/a4";"113274";"";"9990000113274";"hár"
"Giroform samoprep. papier modrý 297x210mm,80g/m2, spodný list (bal=500hár)";"giroform/cf/d/a4/m";"116552";"";"9990000116552";"bal"
"Canon GP501 Glossy Photo Paper ""Everyday Use"" A4/210g (bal=100ks)";"gp501a4/100";"20315";"MF017";"4960999293929";"bal"
"Canon GP501S Glossy Photo Paper ""Everyday Use"", 10×15cm, (bal=100ks)";"gp501s/100";"20309";"MF018";"013803229028";"bal"
"Háčik na dosku 1419";"hacik/1419";"84297";"FO044";"9990000084297";"ks"
"Háčik pre kalendárovú väzbu biely 150 mm";"hacik/biely";"44535";"FK001";"9990000044535";"ks"
"Háčik pre kalendárovú väzbu biely 250 mm";"hacik/biely250";"114983";"FK002";"9990000114983";"ks"
"Háčik pre kalendárovú väzbu biely 80 mm";"hacik/biely80";"136759";"FK015";"9990000136759";"ks"
"Háčik pre kalendárovú väzbu čierny 150 mm";"hacik/cierny";"51183";"FK003";"9990000051183";"ks"
"Háčik pre kalendárovú väzbu čierny 250 mm";"hacik/cierny250";"114984";"FK004";"9990000114984";"ks"
"Háčik pre kalendárovú väzbu čierny 80 mm";"hacik/cierny80";"136760";"FK016";"9990000136760";"ks"
"Háčik na obraz - krokodíl, (1/100 ks)";"hacik/krokodil";"51396";"FO045";"8586014375614";"ks"
"Háčik vhodný pre úchytky na zrkadlá";"hacik/zrk";"131956";"FO046";"9990000131956";"ks"
"Clip-Fix normálne sklo 18x24cm";"hama67063010";"129754";"";"8586009423610";"ks"
"Herlitz Tubus 450x50mm";"he00798454";"27507";"FG076";"4008110798455";"ks"
"Herlitz Tubus 630x80mm";"he00798637";"27508";"FG077";"4008110798639";"ks"
"Herlitz Tubus 750x100mm";"he00798769";"27509";"FG078";"4008110798769";"ks"
"Euroobal A3 ""U"" PH401 na šírku lesklý hladký (bal=50ks)";"he09533126";"27484";"FG059";"8595033202016";"bal"
"Hexagon rám lišta 12,5 cm";"hexaram125";"135594";"FO047";"9990000135594";"ks"
"HIT Mapa odkladacia 253 prešpán,3 chlopne, modrá";"hi013401";"32533";"";"8595058335171";"ks"
"Pritt Roller mini lepiaci 5mmx6m jednorazový";"hk208084";"105030";"";"9000101108118";"ks"
"Pritt Štvorčeky lepiace (bal=65ks)";"hk444968";"75719";"";"4015000077286";"ks"
"Herlitz Zakladač 2-krúžkový Greenline Vlna 2,5cm";"hl033416";"127874";"";"4008110259253";"ks"
"Hmoždinka DuoPower 6x30 (bal 100ks)";"hmozd/6x30";"143412";"";"4048962239836";"ks"
"Hodinový strojček, 55x55mm";"hodinstroj";"73774";"FG093";"9990000073774";"ks"
"CH424 PROFIFLEX šedý, šírka 0,5m";"ch424";"59511";"FN040";"9990000059511";"cm2"
"CH429 PROFIFLEX červený, šírka 0,5m";"ch429";"59518";"FN042";"9990000059518";"cm2"
"CH501 PROFIFLOCK čierny, šírka 0,5m";"ch501";"56855";"FN043";"9990000056855";"cm2"
"CH502 PROFIFLOCK biely, šírka 0,5m";"ch502";"56825";"FN044";"9990000056825";"cm2"
"CH503 PROFIFLOCK žltý, šírka 0,5m";"ch503";"56840";"FN045";"9990000056840";"cm2"
"CH504 PROFIFLOCK tmavočervený, šírka 0,5m";"ch504";"56822";"FN046";"9990000056822";"cm2"
"CH505 PROFIFLOCK kráľovsky modrý, šírka 0,5m";"ch505";"56839";"FN047";"9990000056839";"cm2"
"CH506 PROFIFLOCK zelený, šírka 0,5m";"ch506";"56819";"FN048";"9990000056819";"cm2"
"CH507 PROFIFLOCK oranžový, šírka 0,5m";"ch507";"56823";"FN049";"9990000056823";"cm2"
"CH508 PROFIFLOCK šedý, šírka 0,5m";"ch508";"56821";"FN050";"9990000056821";"cm2"
"CH509 PROFIFLOCK magenta, šírka 0,5m";"ch509";"56831";"FN051";"9990000056831";"cm2"
"CH510 PROFIFLOCK červený, šírka 0,5m";"ch510";"56832";"FN052";"9990000056832";"cm2"
"CH512 PROFIFLOCK citrónovo žltý, šírka 0,5m";"ch512";"56824";"FN054";"9990000056824";"cm2"
"CH513 PROFIFLOCK svetlomodrý, šírka 0,5m";"ch513";"56830";"FN055";"9990000056830";"cm2"
"CH514 PROFIFLOCK violet, šírka 0,5m";"ch514";"74311";"FN056";"9990000074311";"cm2"
"CH515 PROFIFLOCK modrý, šírka 0,5m";"ch515";"56842";"FN057";"9990000056842";"cm2"
"CH516 PROFIFLOCK tyrkysový, šírka 0,5m";"ch516";"56828";"FN058";"9990000056828";"cm2"
"CH518 PROFIFLOCK hnedý, šírka 0,5m";"ch518";"56826";"FN060";"9990000056826";"cm2"
"CH519 PROFIFLOCK béžový, šírka 0,5m";"ch519";"56835";"FN061";"9990000056835";"cm2"
"CH520 PROFIFLOCK bordový, šírka 0,5m";"ch520";"56833";"FN062";"9990000056833";"cm2"
"CH521 PROFIFLOCK ružový, šírka 0,5m";"ch521";"56820";"FN063";"9990000056820";"cm2"
"CH640 STARFLEX army, šírka 0,5m";"ch640";"59514";"FN064";"9990000059514";"cm2"
"CH641 STARFLEX army béžový, šírka 0,5m";"ch641";"59515";"FN065";"9990000059515";"cm2"
"Canon-Océ Roll Paper Smart Dry Professional Satin 240g, 42"" (1067mm), 30m, IJM255";"ijm255/42";"118865";"VF057";"8713878066369";"rol"
"Farebný papier A3/80g AB48 Lisbon azúrovo modrý (bal=500hár)";"iq380/ab48";"53059";"PF010";"9003974400730";"bal"
"Farebný papier A3/80g CO44 Chile koral,červený (bal=500hár)";"iq380/co44";"53057";"PF013";"9003974000756";"bal"
"Farebný papier A3/80g CR20 Dune krémová (bal=500hár)";"iq380/cr20";"53012";"PF014";"9003974400587";"bal"
"Farebný papier A4/160g AB48 Lisbon azúrovo modrý (bal=250hár)";"iq416/ab48";"53068";"PF037";"9003974400969";"bal"
"Farebný papier A4/160g BE66 Atoll vanilkový (bal=250hár)";"iq416/be66";"52994";"PF038";"9003974010090";"bal"
"Farebný papier A4/160g BL29 Lagoon svetlo modrý (bal=250hár)";"iq416/bl29";"52997";"PF039";"9003974000022";"bal"
"Farebný papier A4/160g CO44 Chile koral.červený (bal=250hár)";"iq416/co44";"83271";"PF040";"9003974400976";"bal"
"Farebný papier A4/160g CR20 Dune broskyňová (bal=250hár)";"iq416/cr20";"52990";"PF041";"9003974000053";"bal"
"Farebný papier A4/160g CY39 Canary kanárikovo žltý (bal=250hár)";"iq416/cy39";"53062";"PF042";"9003974402925";"bal"
"Farebný papier A4/160g GN27 Jungle svetlozelený (bal=250hár)";"iq416/gn27";"52995";"PF043";"9003974000633";"bal"
"Farebný papier A4/160g GR21 Iceland šedý (bal=250hár)";"iq416/gr21";"52989";"PF045";"9003974413143";"bal"
"Farebný papier A4/160g MB30 stredne modrý (bal=250hár)";"iq416/mb30";"52998";"PF050";"9003974000145";"bal"
"Farebný papier A4/160g SY40 slnečno žltý (bal=250hár)";"iq416/sy40";"53063";"PF055";"9003974401027";"bal"
"Farebný papier A4/80g AB48 Lisbon azúrovo modrý(bal=500hár)";"iq480/ab48";"53048";"PF058";"9003974002255";"bal"
"Farebný papier A4/80g AG10 Venezia starozlatý (bal=500hár)";"iq480/ag10";"52981";"PF059";"9003974004129";"bal"
"Farebný papier A4/80g BE66 Atoll vanilkový (bal=500hár)";"iq480/be66";"53005";"PF060";"9003974416694";"bal"
"Farebný papier A4/80g BL29 Lagoon svetlomodrý (bal=500hár)";"iq480/bl29";"53008";"PF061";"9003974000015";"bal"
"Farebný papier A4/80g CO44 Chile koral.červený (bal=500hár)";"iq480/co44";"53046";"PF064";"9003974000879";"bal"
"Farebný papier A4/80g CR20 Dune krémová (bal=500hár)";"iq480/cr20";"52999";"PF065";"9003974000046";"bal"
"Farebný papier A4/80g CY39 Canary kanárikovo žltý (bal=500hár)";"iq480/cy39";"53042";"PF066";"9003974402918";"bal"
"Farebný papier A4/80g GN27 Jungle svetlozelený (bal=500hár)";"iq480/gn27";"53006";"PF067";"9003974400624";"bal"
"Farebný papier A4/80g GO22 zlatý (bal=500hár)";"iq480/go22";"52984";"PF068";"9003974000060";"bal"
"Farebný papier A4/80g GR21 Iceland šedý (bal=500hár)";"iq480/gr21";"52983";"PF069";"9003974412733";"bal"
"Farebný papier A4/80g IG50 Sevilla intenzívne žltý (bal=500hár)";"iq480/ig50";"53049";"PF070";"9003974408392";"bal"
"Farebný papier A4/80g LA12 Tundra levanduľový (bal=500hár)";"iq480/la12";"52982";"PF071";"9003974004143";"bal"
"Farebný papier A4/80g LG46 lipovo zelený (bal=500hár)";"iq480/lg46";"53047";"PF072";"9003974000930";"bal"
"Farebný papier A4/80g MA42 Java májovo zelený (bal=500hár)";"iq480/ma42";"53044";"PF073";"9003974004211";"bal"
"Farebný papier A4/80g MB30 stredne modrý (bal=500hár)";"iq480/mb30";"53009";"PF074";"9003974000138";"bal"
"Farebný papier A4/80g NEOGB Ibiza neón.žltý (bal=500hár)";"iq480/neogb";"52966";"PF076";"9003974007168";"bal"
"Farebný papier A4/80g NEOGN Rio neón.zelený (bal=500hár)";"iq480/neogn";"52969";"PF077";"9003974007489";"bal"
"Farebný papier A4/80g NEOOR Acapulco neón.oranžový (bal=500hár)";"iq480/neoor";"52967";"PF078";"9003974007380";"bal"
"Farebný papier A4/80g NEOPI Malibu neón.ružový (bal=500hár)";"iq480/neopi";"52968";"PF079";"9003974007373";"bal"
"Farebný papier A4/80g OBL70 Iceberg ľadovo modrý (bal=500hár)";"iq480/obl70";"53010";"PF080";"9003974416687";"bal"
"Farebný papier A4/80g OPI74 Tropic flamingo (bal=500hár)";"iq480/opi74";"53011";"PF081";"9003974415390";"bal"
"Farebný papier A4/80g PI25 Coral ružový (bal=500hár)";"iq480/pi25";"53003";"PF083";"9003974000176";"bal"
"Farebný papier A4/80g SA24 Savana lososový (bal=500hár)";"iq480/sa24";"53002";"PF084";"9003974400204";"bal"
"Farebný papier A4/80g SY40 slnečno žltý (bal=500hár)";"iq480/sy40";"53043";"PF085";"9003974400853";"bal"
"Farebný papier A4/80g YE23 Desert žltý (bal=500hár)";"iq480/ye23";"53001";"PF086";"9003974400211";"bal"
"Farebný papier A4/80g ZG34 Florida citrónovo žltý (bal=500hár)";"iq480/zg34";"52985";"PF087";"9003974408385";"bal"
"Farebný papier A4/80g ZR09 London tehlovo červený (bal=500hár)";"iq480/zr09";"53050";"PF088";"9003974007892";"bal"
"Image Volume A3/80g papier (bal=500hár)";"iv380";"51589";"MF341";"3597320107917";"bal"
"Image Volume A4/80g papier (bal=500hár)";"iv480";"51588";"MF342";"3597320107856";"bal"
"Maľovánka A4 JM prasiatko Peppa";"jm19099";"126864";"";"8595593819099";"ks"
"MACtpoly JT9500 WG-PG 1370mm, 65 mic, 50m, samolepiaca fólia lesklá, biela";"JT9500WG-PG1370x50";"103950";"FV027";"9990000103950";"rol"
"JUNIOR Visačka na indentif. kartu s remienkom, mix";"ju240016";"143600";"";"8586025944403";"ks"
"JUNIOR Voskovky 12 ks Ocean World";"ju49133";"111141";"";"8586011522691";"ks"
"JUNIOR Guma iErase 2v1 na grafitové ceruzky/gumovacie perá, mix farieb";"ju5017";"113460";"";"8586021463847";"ks"
"JUNIOR Tyčinky lepiace 11,2x10 cm náhradné do tavnej pištole, set 12ks";"jujb2011c";"110610";"";"6937544334909";"ks"
"Karisblok - náhradná náplň listy A4 linajkové (100ks)";"ka4/100";"9875";"";"31990000";"bal"
"Karisblok - náhradná náplň listy A4 čisté (100ks)";"ka4/100č";"59614";"";"8586006171132";"bal"
"KAPA plast 3000mm x 1400mm x 5mm";"kapa3014-5";"128613";"FO050";"9990000128613";"m2"
"KAPA plast 3050mm x 1530mm x10mm";"kapa3015-10";"56141";"FO051";"9990000056141";"m2"
"KAPA plast 30x20cm, 5mm";"kapa3020";"84418";"FO052";"9990000084418";"ks"
"KAPA plast 60x40cm, 5mm";"kapa6040";"84419";"FO053";"9990000084419";"ks"
"KAPA plast 80x50cm, 5mm";"kapa8050";"84421";"FO054";"9990000084421";"ks"
"Kašmír tvrdá doska A4 100 l, béžová";"kastv100/bezova";"130609";"OV017";"9990000130609";"ks"
"Kašmír tvrdá doska A4 100 l, limetková";"kastv100/limetkova";"130611";"OV018";"9990000130611";"ks"
"Kašmír tvrdá doska A4 100 l, modrá";"kastv100/modra";"130604";"OV019";"9990000130604";"ks"
"Kašmír tvrdá doska A4 100 l, oranžová";"kastv100/oranzova";"130608";"OV020";"9990000130608";"ks"
"Kašmír tvrdá doska A4 100 l, tyrkysová";"kastv100/tyrkys";"130606";"OV021";"9990000130606";"ks"
"Drevená kazeta na 1 fľašu vína (bez výrezu)";"kazetavino1";"104781";"FG047";"9990000104781";"ks"
"Drevená kazeta na 3 fľaše vína (bez výrezu)";"kazetavino3";"109814";"FG049";"9990000109814";"ks"
"Drevená kazeta na 6 fliaš vína (bez výrezu)";"kazetavino6";"109815";"FG050";"9990000109815";"ks"
"Keramická obkladačka lesklá 152x152mm, biela";"keramka152152";"62407";"KE030";"5903069984234";"ks"
"Keramická obkladačka lesklá 152x203mm, biela";"keramka152203";"62408";"KE031";"5903069984227";"ks"
"Keramická obkladačka lesklá 51x51mm, biela";"keramka5151";"62547";"KE032";"5903069984241";"ks"
"Kimoto Kimolec A4 fólia matná, priesvitná, laser mono (bal=100)";"kimotoA4";"130536";"FM013";"9990000130536";"bal"
"Kopírovací papier v roliach A3 80g/297mm/150m/dutinka 76mm";"ko80/297/150";"46151";"VF131";"5608512042867";"rol"
"Kopírovací papier v roliach A2 80g/420mm/150m/dutinka 76mm";"ko80/420/150";"46152";"VF130";"5608512042836";"rol"
"Kopírovací papier v roliach A1 80g/594mm/150m/dutinka 76mm";"ko80/594/150";"46153";"VF128";"5608512042874";"rol"
"Kopírovací papier v roliach A0 80g/841mm/150m/dutinka 76mm";"ko80/841/150";"46155";"VF126";"5608512042843";"rol"
"Kostička BIG (bone tag), čierna";"kosticka/bigbk";"106441";"FG113";"9990000106441";"ks"
"Kostička BIG (bone tag), červená";"kosticka/bigce";"96884";"FG112";"9990000096884";"ks"
"Kostička BIG (bone tag), ružová";"kosticka/bigru";"96882";"FG115";"9990000096882";"ks"
"Kostička BIG (bone tag), tyrkysová";"kosticka/bigtr";"144875";"";"9990000144875";"ks"
"Kostička BIG (bone tag), zelená";"kosticka/bigze";"96392";"FG118";"9990000096392";"ks"
"Kostička BIG (bone tag), tm.zlatá";"kosticka/bigzl";"84531";"FG117";"9990000084531";"ks"
"Krabica na hodiny - 300x300x35mm";"krabica/hodiny";"80175";"FO055";"9990000080175";"ks"
"Krabička s durofolovým vrchnákom KOMPLET, 100x100x50/35 mm, šedá";"krabicka1010/puzA4";"120230";"FG120";"9990000120230";"ks"
"Krabička s durofolovým vrchnákom KOMPLET, 150x100x50/35 mm, šedá";"krabicka1510/puzA3";"120290";"FG121";"9990000120290";"ks"
"Plastová krabička priehľadná - hracie karty - nižšia";"krabickak/nizsia";"129100";"FG264";"9990000129100";"ks"
"Plastová krabička priehľadná - hracie karty - vyššia";"krabickak/vyssia";"114990";"FG265";"9990000114990";"ks"
"Sklenený pivný krígeľ, 400ml, matný";"krigel400";"62677";"KE049";"5903069993335";"ks"
"Richelieu 1000-4 Krstná košieľka KLASIKA s golierikom, biela, veľkosť 56";"krsko/b/56";"107302";"BO428";"9990000107302";"ks"
"Krúžok (Ring Top Tags) BIG - čierna";"kruzok/cie";"103971";"FG137";"9990000103971";"ks"
"Krúžok (Ring Top Tags) BIG - fialová";"kruzok/fi";"103969";"FG138";"9990000103969";"ks"
"Krúžok (Ring Top Tags) BIG - modrá";"kruzok/mo";"103972";"FG139";"9990000103972";"ks"
"Keramický kúpeľňový set";"kupset";"62555";"KE033";"5903069982285";"ks"
"Lepidlo DEN BRAVEN MAMUT HIGH TACK biele 25ml";"l/mamut";"143263";"";"9990000143263";"ks"
"Labka (paw print tag), červená, veľká";"labka/ce";"96397";"FG141";"9990000096397";"ks"
"Labka (paw print tag), čierna, veľká";"labka/cie";"96398";"FG142";"9990000096398";"ks"
"Labka (paw print tag), fialová, veľká";"labka/fi";"103954";"FG143";"9990000103954";"ks"
"Labka (paw print tag), modrá, veľká";"labka/mo";"96399";"FG144";"9990000096399";"ks"
"Labka (paw print tag), ružová, veľká";"labka/ru";"103953";"FG145";"9990000103953";"ks"
"Labka (paw print tag), zelená, veľká";"labka/ze";"96396";"FG146";"9990000096396";"ks"
"Labka (paw print tag), zlatá, veľká";"labka/zl";"103952";"FG147";"9990000103952";"ks"
"Laminovacie fólie na toner modrá 0,32 x 122m (rolka)";"lamfoltonblue";"99194";"FL084";"9990000099194";"rol"
"Laminovacie fólie na toner medená 0,32 x 61m (rolka)";"lamfoltoncopp";"137506";"FL117";"9990000137506";"rol"
"Laminovacie fólie na toner zelená 0,32 x 61m (rolka)";"lamfoltongreen";"111721";"FL087";"9990000111721";"rol"
"Laminovacie fólie na toner červená 0,32 x 122m (rolka)";"lamfoltonred";"99193";"FL083";"9990000099193";"rol"
"Laminovacie fólie na toner strieborná 0,32 x 122m (rolka)";"lamfoltonsilv";"99197";"FL085";"9990000099197";"rol"
"Laminovacie fólie na toner transparentná 0,32 x 122m (rolka)";"lamfoltontrans";"99195";"FL086";"9990000099195";"rol"
"Laser Paper Colors čierny / 380 g";"laserpaper/c";"109817";"PV075";"9990000109817";"hár"
"Laser Paper Colors červený / 300 g";"laserpaper/ce";"109818";"PV074";"9990000109818";"hár"
"Laser Paper Colors modrý / 250 g";"laserpaper/m";"109819";"PV078";"9990000109819";"hár"
"Laser Paper Colors tmavo modrý / 270 g";"laserpaper/tm";"109820";"PV079";"9990000109820";"hár"
"LED stojan na 3D lampu 9 RGB LED - 7 farieb osvetlenia s 1,5m USB káblom";"ledstojan";"104767";"FG159";"9990000104767";"ks"
"Drevený rám 40 cm (drevená napínacia lišta)";"lepram40";"109433";"FO039";"9990000109433";"ks"
"Drevený rám 60 cm (drevená napínacia lišta)";"lepram60";"109434";"FO040";"9990000109434";"ks"
"Drevený rám 90 cm (drevená napínacia lišta)";"lepram90";"109435";"FO041";"9990000109435";"ks"
"Lettura Recykled A3/80g papier (bal=500hár)";"let380/w60";"46930";"MF353";"4260071682314";"bal"
"Lettura Recykled A4/80g papier (bal=500hár)";"let480/w60";"46929";"MF354";"4260071682413";"bal"
"Laminovacia fólia PET 1040mm x150m 38mic, d76, matná";"lf1040150mat";"137825";"FL120";"9990000137825";"rol"
"Laminovacia fólia Superstick MSSOP42 380mm x 50m 38mic, d76, matná";"lf38050mssop";"146111";"OV318";"9990000146111";"rol"
"Laminovacia fólia Superstick SSOP42 380mm x 50m 38mic, d76, lesklá";"lf38050ssop";"140554";"FL118";"9990000140554";"rol"
"Q-Connect Laminovacia fólia 54x86mm/100mic lesklá (bal=100hár)";"lf548610";"30558";"FL119";"5705831012028";"bal"
"Napínacia lišta 137x30 mm (šponovacia lišta)";"listanap/137";"109855";"FO056";"9990000109855";"ks"
"Canon LU-101 Photo Paper, A2, 260g (bal=25ks)";"lu101a2";"98430";"MF021";"4549292041644";"bal"
"Lumenglass 254x203 mm P, na výšku";"lumenglass254x203p";"63791";"FG160";"9990000063791";"ks"
"M0020 P.S.FILM METALLIC FLEX zlatý, šírka 0,5m";"m0020";"53638";"FN068";"9990000053638";"cm2"
"Maped Pastelky COLOR´PEPS Pastel sada 12ks";"ma0086/9832069";"127849";"";"3154148320692";"bal"
"Maildor Samolepky 3D Cooky na darčeky farebné srdiečka";"ma0158/8560380";"142528";"";"3065505603801";"ks"
"Maildor Samolepky 3D Cooky na darčeky farebné hviezdy";"ma0158/8560501";"142525";"";"3065505605010";"ks"
"Mačka (Cat Tag), fialová";"macka/fi";"96402";"FG161";"9990000096402";"ks"
"Mačka (Cat Tag), strieborná";"macka/str";"96400";"FG162";"9990000096400";"ks"
"Mačka (Cat Tag), zelená";"macka/ze";"96401";"FG163";"9990000096401";"ks"
"Mačka (Cat Tag), zlatá";"macka/zl";"103958";"FG164";"9990000103958";"ks"
"MACtac 828 P samolepiaca fólia matná 1050mm, 100 mic, 50m";"mactac828p/1050";"103867";"FV023";"9990000103867";"rol"
"MACtac 828 PG samolepiaca fólia matná 1370mm, 100 mic, 50m";"mactac828pg/1370";"97742";"FV024";"9990000097742";"rol"
"MACtac 828 PG samolepiaca fólia matná 1600mm, 100 mic, 50m";"mactac828pg/1600";"118462";"FV025";"9990000118462";"rol"
"MACtac 829 P samolepiaca fólia lesklá 1050mm, 100 mic, 50m";"mactac829p/1050";"103868";"FV026";"9990000103868";"rol"
"IF Magnetická fólia INT, neutrálna, šírka 0,620 m, hrúbka 0,5 mm";"mag0620/05";"131972";"FV014";"9990000131972";"m2"
"MAG Magnetická fólia EXT, biela, rub neutrálny, šírka 0,615m, hrúbka 0,85mm";"mag5014/085";"56396";"FV030";"9990000056396";"m2"
"Maľovánka A4 JM s predlohou, 8 listov,mix";"mal/9212";"77276";"";"8594019606701";"ks"
"Canon MC20 Údržbová cartridge (CF0628C002AA)";"mc20";"96304";"";"4549292040210";"ks"
"Mechanika 290/4/25 D";"mechanika290/4/25D";"143276";"OV314";"RACC4RIN25L";"ks"
"M&G Popisovač Acrylic Marker 2mm, akrylový, ružová";"mg65702";"127922";"";"6941255123998";"ks"
"M&G Popisovač Acrylic Marker 2mm, akrylový, aquamarín";"mg65711";"132611";"";"6931747144297";"ks"
"M&G Popisovač Acrylic Marker 2mm, akrylový, modro zelený";"mg65713";"132614";"";"6941255124223";"ks"
"M&G Popisovač Acrylic Marker 2mm, akrylový, sv.fialová";"mg65718";"127923";"";"6941255124094";"ks"
"M&G Popisovač Acrylic Marker 2mm, akrylový, sivý";"mg65722";"132620";"";"6931747144716";"ks"
"M&G Popisovač Metallic (sada=10ks)";"mg90520";"144083";"";"6941600181215";"sada"
"Mimaki UV LUS-170, cyan, 1000 ml";"mimuvlus170/c";"118435";"";"9990000118435";"ks"
"Mimaki UV LUS-170, black, 1000 ml";"mimuvlus170/k";"118437";"";"9990000118437";"ks"
"Mimaki UV LUS-170, light cyan, 1000 ml";"mimuvlus170/lc";"118439";"";"9990000118439";"ks"
"Mimaki UV LUS-170, light magenta, 1000 ml";"mimuvlus170/lm";"118440";"";"9990000118440";"ks"
"Mimaki UV LUS-170, magenta, 1000 ml";"mimuvlus170/m";"118436";"";"9990000118436";"ks"
"Mimaki UV LUS-170, yellow, 1000 ml";"mimuvlus170/y";"118434";"";"9990000118434";"ks"
"Canon MP101 Photo Paper Matte, A4, 170g (bal=50ks)";"mp101a4";"18691";"MF026";"9999999101451";"bal"
"MediaRange Obal na 1 ks CD samolepiaci s chlopňou (bal=50ks)";"mrbox164";"148591";"";"4260283116546";"bal"
"Náramok s ID pre dospelých/ružový";"naramok/r";"126915";"FG188";"9990000126915";"ks"
"Náramok s ID pre dospelých/sivý";"naramok/s";"126916";"FG189";"9990000126916";"ks"
"Náramok s ID pre dospelých/tmavomodrý";"naramok/tm";"126913";"FG190";"9990000126913";"ks"
"Náramok s ID pre deti - biely";"naramokD/b";"126903";"FG177";"9990000126903";"ks"
"Náramok s ID pre deti - bledomodrý";"naramokD/bm";"126905";"FG178";"9990000126905";"ks"
"Náramok s ID pre deti - čierny";"naramokD/c";"126878";"FG180";"9990000126878";"ks"
"Náramok s ID pre deti - červený";"naramokD/ce";"126902";"FG179";"9990000126902";"ks"
"Náramok s ID pre deti - fialový";"naramokD/f";"126906";"FG181";"9990000126906";"ks"
"Náramok s ID pre deti - ružový";"naramokD/r";"126907";"FG182";"9990000126907";"ks"
"Náramok s ID pre deti - tmavomodrá";"naramokD/tm";"126909";"FG183";"9990000126909";"ks"
"Náramok s ID pre deti - žltý";"naramokD/z";"126911";"FG185";"9990000126911";"ks"
"Náramok pre športovcov /dospelí - biely";"naramokS/b";"126918";"FG172";"9990000126918";"ks"
"Náramok pre športovcov /dospelí - sivý";"naramokS/s";"126919";"FG174";"9990000126919";"ks"
"Návlek pre vankúš BAVLNA na potlač - srdce 40cm, červený lem";"navlek/srdcec";"85948";"TO026";"9990000085948";"ks"
"Návlek pre vankúš BAVLNA na potlač - srdce 40cm, modrý lem";"navlek/srdcem";"48134";"TO027";"9990000048134";"ks"
"Návlek pre vankúš SATÉN SRDCE na potlač, 30x30cm";"navlek/srdcesat";"64043";"TO035";"9990000064043";"ks"
"Návlek pre vankúš BAVLNA na potlač - štvorec 38 cm";"navlek/stvorec38";"112636";"TO028";"9990000112636";"ks"
"Návlek pre vankúš LINEN na potlač - štvorec 40x40 cm";"navlek/stvoreclan";"113314";"TO030";"9990000113314";"ks"
"Návlek pre vankúš SATÉN na potlač - štvorec 38x40cm";"navlek/stvorecsat";"58315";"TO034";"9990000058315";"ks"
"Neónový papier green 90g, 841mm/135m";"neongreen841";"46092";"VF094";"9990000046092";"rol"
"Neónový papier orange 90g, 841mm/135m";"neonorange841";"54765";"VF095";"9990000054765";"rol"
"Neónový papier pink 90g, 841mm/135m";"neonpink841";"48859";"VF096";"9990000048859";"rol"
"Neónový papier red 90g, 841mm/135m";"neonred841";"50797";"VF097";"9990000050797";"rol"
"Neónový papier yellow 90g, 594mm/135m";"neonyellow594";"35625";"VF098";"9990000035625";"rol"
"Neónový papier yellow 90g, 841mm/135m";"neonyellow841";"48081";"VF099";"9990000048081";"rol"
"Papier natieraný lesklý A4/130g (bal=100hár)";"nl413";"131175";"MF547";"9990000131175";"bal"
"Papier natieraný lesklý A4/170g (bal=100hár)";"nl417";"131176";"MF548";"9990000131176";"bal"
"Papier natieraný lesklý A4/200g (bal=100hár)";"nl420";"131177";"MF549";"9990000131177";"bal"
"Papier natieraný lesklý A4/250g (bal=100hár)";"nl425";"131178";"MF550";"9990000131178";"bal"
"Papier natieraný lesklý A4/300g (bal=100hár)";"nl430";"131179";"MF551";"9990000131179";"bal"
"Papier natieraný matný A4/130g (bal=100hár)";"nm413";"131182";"MF559";"9990000131182";"bal"
"Papier natieraný matný A4/170g (bal=100hár)";"nm417";"131185";"MF560";"9990000131185";"bal"
"Papier natieraný matný A4/200g (bal=100hár)";"nm420";"131186";"MF561";"9990000131186";"bal"
"Papier natieraný matný A4/250g (bal=100hár)";"nm425";"131187";"MF562";"9990000131187";"bal"
"Papier natieraný matný A4/300g (bal=100hár)";"nm430";"131188";"MF563";"9990000131188";"bal"
"NOVA rám na kapa dosku 20x30 cm, biela";"novaram3020b";"84398";"FO057";"9990000084398";"ks"
"NOVA rám na kapa dosku 20x30 cm, čierna";"novaram3020c";"84399";"FO058";"9990000084399";"ks"
"NOVA rám na kapa dosku 20x30 cm, tm. hnedá";"novaram3020choc";"84400";"FO059";"9990000084400";"ks"
"NOVA rám na kapa dosku 60x40 cm, čierna";"novaram6040c";"84402";"FO061";"9990000084402";"ks"
"NOVA rám na kapa dosku 60x40 cm, tm. hnedá";"novaram6040choc";"84403";"FO062";"9990000084403";"ks"
"NOVA rám na kapa dosku 80x50 cm, čierna";"novaram8050c";"84416";"FO064";"9990000084416";"ks"
"NOVA rám na kapa dosku 80x50 cm, tm. hnedá";"novaram8050choc";"84417";"FO065";"9990000084417";"ks"
"NOVA rám na kapa dosku 80x60 cm, čierna";"novaram8060c";"94071";"FO066";"9990000094071";"ks"
"Kriedový papier Novatech Matt SRA3/250g";"novmsra3/250";"109176";"MF537";"9990000109176";"hár"
"Vreckový nôž čierny";"nozv/c";"84093";"FG393";"9990000084093";"ks"
"Vreckový nôž červený";"nozv/ce";"97261";"FG392";"9990000097261";"ks"
"Vreckový nôž modrý";"nozv/m";"97262";"FG394";"9990000097262";"ks"
"Obálka B4 strip pásik (bal=25ks)";"o/b4s/25";"20353";"";"4003928994952";"bal"
"Obálka B4-X rozšírené dno strip pásik biela (1ks)";"o/b4xsb";"56536";"";"4018529008700";"ks"
"Obálka C4 s odtrh.pásikom (bal=25ks)";"o/c4/25";"28485";"DB034";"4003928995508";"bal"
"Obálka C5 samolepiaca (bal=50ks)";"o/c5/50";"49206";"DB036";"4003928992897";"bal"
"Obálka obyčajná C5 120g,162x229mm, biela (bal=5ks)";"o/c5/bal/5";"131026";"";"22915";"bal"
"Obálka C6 samolepiaca (bal=100ks)";"o/c6/100";"25998";"DB037";"4003928990282";"bal"
"Obálka obyčajná C7 80g, 80x120mm, biela (bal=25ks)";"o/c7/bal/25";"95676";"DB045";"4003928990008";"bal"
"Obálka na CD s okienkom (bal=100ks)";"o/cdo/100";"21638";"DB044";"4003928999865";"bal"
"Obálka DL samolepiaca bez okienka (bal=100ks)";"o/dl/100";"99379";"";"4003928997427";"bal"
"Obálka DL samolepiaca bez okienka (bal=50ks)";"o/dl/50";"49203";"";"4003928997403";"bal"
"Obálka DL samolepiaca s okienkom (1ks)";"o/dlo";"9995";"";"dlo";"ks"
"Obálka DL s okienkom do obálkovača C5/6 s adresou CBC D+2 (bal=1000ks)";"o/dlo/cbc/d2";"95143";"DB040";"9990000095143";"bal"
"Obálka DL s okienkom do obálkovača C5/6 s adresou FC D+2 (bal=1000ks)";"o/dlo/fc/d2";"95145";"DB042";"9990000095145";"bal"
"Obálka DL s okienkom do obálkovača C5/6 s adresou FC D+4 (bal=1000ks)";"o/dlo/fc/d4";"95144";"DB043";"9990000095144";"bal"
"Obálka DL s okienkom do obálkovača C5/6 (bal=1000ks)";"o/dlo/spc5/6";"95214";"DB039";"9990000095214";"bal"
"Obal PVC 6x9cm na osob. doklady, transparentný";"ob/6090";"13091";"";"8586006931422";"ks"
"Obal A4 ""L"" PP tenký (110mic) bal=100ks";"ob/a4-l";"10622";"DB022";"4008110366661";"bal"
"Obálka vizit. DL 110x220mm/120g Rives Laid Bright White";"ob/vpprlbri/wh";"64410";"";"9990000064410";"ks"
"Obálka C4 s odtrhávacou páskou biela (bal=500)";"ob346500";"28799";"DB035";"4003928995560";"bal"
"Obojok pre psov, kožený 1,0 x 30 cm Červený";"obojok10300/cerven";"114533";"FG194";"9990000114533";"ks"
"Obojok pre psov, kožený 1,2 x 35 cm Červený";"obojok12350/cerven";"114535";"FG196";"9990000114535";"ks"
"Obojok pre psov, kožený 1,2 x 35 cm Natural";"obojok12350/natura";"114534";"FG197";"9990000114534";"ks"
"Obojok pre psov, kožený 1,6 x 40 cm Červený";"obojok16400/cerven";"114538";"FG198";"9990000114538";"ks"
"Obojok pre psov, kožený 1,6 x 40 cm Natural";"obojok16400/natura";"114537";"FG199";"9990000114537";"ks"
"Obojok pre psov, kožený 1,8 x 45 cm Červený";"obojok18450/cerven";"114539";"FG200";"9990000114539";"ks"
"Obojok pre psov, kožený 1,8 x 45 cm Natural";"obojok18450/natura";"114540";"FG201";"9990000114540";"ks"
"Obojok pre psov, kožený 2,0 x 50 cm Červený";"obojok20500/cerven";"114543";"FG202";"9990000114543";"ks"
"Obojok pre psov, kožený 2,0 x 50 cm Natural";"obojok20500/natura";"114541";"FG203";"9990000114541";"ks"
"Obojok pre psov, kožený 2,5 x 55 cm Červený";"obojok25550/cerven";"114547";"FG204";"9990000114547";"ks"
"Obojok pre psov, kožený 2,5 x 55 cm Natural";"obojok25550/natura";"114546";"FG205";"9990000114546";"ks"
"Obojok pre psov, kožený 3,0 x 60 cm Červený";"obojok30600/cerven";"114551";"FG206";"9990000114551";"ks"
"Obojok pre psov, kožený 3,0 x 60 cm Natural";"obojok30600/natura";"114549";"FG207";"9990000114549";"ks"
"Obojok pre psov, kožený 3,0 x 65 cm Červený";"obojok30650/cerven";"114553";"FG208";"9990000114553";"ks"
"Obojok pre psov, kožený 3,0 x 65 cm Natural";"obojok30650/natura";"114552";"FG209";"9990000114552";"ks"
"Obtlačkový (waterslide) papier pre modelárov 19,9x29,7cm, priesvitný do laserovej tlačiarne";"obtlpapier/pr";"107223";"MF721";"9990000107223";"hár"
"Obtlačkový (waterslide) papier pre modelárov 19,9x29,7cm, strieborný do laserovej tlačiarne";"obtlpapier/strieb";"132310";"";"9990000132310";"hár"
"Océ toner PlotWave 340/360 kit, 2 x 400g (CF6826B003BA) náhrada - (1070129856)";"ocetpw340/360";"83069";"";"9990000083069";"bal"
"Očká na banner - strieborné (nikel), priemer 10mm (1/1000)";"ocko";"45278";"VF100";"9990000045278";"ks"
"Odznaky so špendlíkom 50 mm (bal=1000 ks)";"odznak50/1000";"130538";"FG210";"9990000130538";"bal"
"Obálka farebná štvorc. 120g,155x155mm s pásikom,krémová (bal=5ks)";"of/155/25935";"113899";"";"259";"bal"
"Obálka farebná štvorc. 120g,155x155mm vlhčiace lepenie,modrá (bal=5ks)";"of/155/25954";"139611";"DB163";"25954";"bal"
"Obálka farebná štvorc. 120g,155x155mm vlhčiace lepenie,zelená (bal=5ks)";"of/155/25955";"139663";"DB164";"25955";"bal"
"Obálka farebná štvorc. 120g,155x155mm vlhčiace lepenie,tm.červená (bal=5ks)";"of/155/25956";"139664";"DB165";"25956";"bal"
"Obálka farebná štvorc. 120g,155x155mm vlhčiace lepenie,ružová (bal=5ks)";"of/155/25957";"139665";"DB166";"25957";"bal"
"Obálka farebná štvorc. 120g,155x155mm vlhčiace lepenie,sivá (bal=5ks)";"of/155/25958";"139666";"DB167";"25958";"bal"
"Obálka farebná štvorc. 120g,155x155mm vlhčiace lepenie,biela (bal=5ks)";"of/155/25959";"139667";"DB168";"25959";"bal"
"Obálka farebná štvorc. 120g,155x155mm vlhčiace lepenie,perleť.biela (bal=5ks)";"of/155/25960";"139668";"DB169";"25960";"bal"
"Obálka farebná štvorc. 120g,155x155mm vlhčiace lepenie,perleť.šampaň (bal=5ks)";"of/155/25961";"139669";"DB170";"25961";"bal"
"Obálka farebná štvorc. 120g,155x155mm vlhčiace lepenie,perleť.tm.modrá (bal=5ks)";"of/155/25963";"139671";"DB172";"25963";"bal"
"Obálka farebná štvorc. 120g,155x155mm vlhčiace lepenie,perleť.ružová (bal=5ks)";"of/155/25964";"139672";"DB173";"25964";"bal"
"Obálka farebná štvorc. 120g,155x155mm vlhčiace lepenie,perleť.strieborná (bal=5ks)";"of/155/25965";"139673";"DB174";"25965";"bal"
"Obálka farebná C5 120g,162x229mm s pásikom,červená (bal=5ks)";"of/c5/25916";"112915";"";"25916";"bal"
"Obálka farebná C5 120g,162x229mm s pásikom,žltá (bal=5ks)";"of/c5/25936";"112916";"";"25936";"bal"
"Obálka farebná C6 120g,114x162mm s pásikom,modrá (bal=5ks)";"of/c6/25900";"113898";"";"25900";"bal"
"Obálka farebná C6 120g,114x162mm s pásikom,červená (bal=5ks)";"of/c6/25902";"113896";"";"25902";"bal"
"Obálka farebná C6 120g,114x162mm s pásikom,krémová (bal=5ks)";"of/c6/25903";"113897";"";"25903";"bal"
"Obálka farebná C6 120g,114x162mm s pásikom,sv.ružová (bal=5ks)";"of/c6/25906";"113900";"";"259";"bal"
"Obálka farebná C6 120g,114x162mm s pásikom,perleť.medená (bal=5ks)";"of/c6/25923";"113919";"";"259";"bal"
"Obálka farebná C6 120g,114x162mm s pásikom,perleť.biela (bal=5ks)";"of/c6/25924";"113918";"";"259";"bal"
"Obálka farebná C6 120g,114x162mm vlhčiace lepenie,perleť.biela (bal=5ks)";"of/c6/25966";"139674";"DB175";"25966";"bal"
"Obálka farebná C6 120g,114x162mm vlhčiace lepenie,perleť.šampaň (bal=5ks)";"of/c6/25967";"139675";"DB176";"25967";"bal"
"Obálka farebná C6 120g,114x162mm vlhčiace lepenie,perleť.zlatá (bal=5ks)";"of/c6/25968";"139676";"DB177";"25968";"bal"
"Obálka farebná C6 120g,114x162mm vlhčiace lepenie,perleť.tm.modrá (bal=5ks)";"of/c6/25969";"139677";"DB178";"25969";"bal"
"Obálka farebná C6 120g,114x162mm vlhčiace lepenie,perleť.ružová (bal=5ks)";"of/c6/25970";"139678";"DB179";"25970";"bal"
"Obálka farebná C6 120g,114x162mm vlhčiace lepenie,perleť.strieborná (bal=5ks)";"of/c6/25971";"139679";"DB180";"25971";"bal"
"Obálka farebná DL 120g,110x220mm s pásikom,krémová (bal=5ks)";"of/dl/25911";"113905";"";"259";"bal"
"Obálka farebná DL 120g,110x220mm s pásikom,sv.ružová (bal=5ks)";"of/dl/25914";"113908";"";"259";"bal"
"Obálka farebná DL 120g,110x220mm s pásikom,perleť.strieborná (bal=5ks)";"of/dl/25926";"113914";"";"259";"bal"
"Obálka farebná DL 120g,110x220mm s pásikom,perleť.zlatá (bal=5ks)";"of/dl/25927";"113915";"";"259";"bal"
"Obálka farebná DL 120g,110x220mm s pásikom,perleť.biela (bal=5ks)";"of/dl/25929";"113911";"";"259";"bal"
"Obálka farebná DL 120g,110x220mm s pásikom,perleť.tm.modrá (bal=5ks)";"of/dl/25930";"113913";"";"259";"bal"
"Olin Design Smooth papier 720x1020 mm/120g ultimate white (1/250 hár)";"olinds/120";"140616";"PV192a";"3597320345166";"hár"
"Olin Design Smooth papier A4 (hár)";"olinds/120/a4";"150582";"PV192c";"9990000150582";"hár"
"Fólia na krúžkovú väzbu Prestige A3/200mic číra (bal=100)";"p320/ciry";"24364";"HL039";"077511537646";"bal"
"Fólia na krúžkovú väzbu Prestige A4/150mic číra (bal=100ks)";"p415/ciry";"24365";"HL040";"50043859513258";"bal"
"Palfoam penená PVC podložka 400x400mm, 5 mm, biela";"palfoam400x400/bie";"94670";"FO068";"9990000094670";"ks"
"Palfoam penená PVC podložka 500x330mm, 5 mm, biela";"palfoam500x330/bie";"94672";"FO069";"9990000094672";"ks"
"Palight penená PVC podložka 400x400mm, 5 mm, čierna";"palight400x400/cie";"94674";"FO071";"9990000094674";"ks"
"Palight penená PVC podložka 500x330mm, 5 mm, čierna";"palight500x330/cie";"94675";"FO072";"9990000094675";"ks"
"Parker IM Essential Black CT roller";"par1502/3443634";"126982";"";"3026981436345";"ks"
"Pauzovací papier A0, 841mm/170m, 90g/m2, 76mm";"pauz841";"53723";"VF104";"5608512021985";"rol"
"Pauzovací papier A0+, 914mm/170m, 90g/m2, 76mm";"pauz914";"53720";"VF105";"5608512021978";"rol"
"Preglejka buková 4 mm";"pb004";"85758";"FG278";"9990000085758";"cm2"
"Pet Tag - malý, červený";"pettag/m/ce";"114047";"FG251";"9990000114047";"ks"
"Pet Tag - malý, modrý";"pettag/m/m";"114048";"FG253";"9990000114048";"ks"
"Pet Tag - malý, ružový";"pettag/m/r";"114063";"FG254";"9990000114063";"ks"
"Pet Tag - mini, čierny";"pettag/mi/c";"127986";"FG256";"9990000127986";"ks"
"Pet Tag - mini, červený";"pettag/mi/ce";"127985";"FG255";"9990000127985";"ks"
"Pet Tag - mini, modrý";"pettag/mi/m";"127987";"FG257";"9990000127987";"ks"
"Pet Tag - mini, ružový";"pettag/mi/r";"127988";"FG258";"9990000127988";"ks"
"Pet Tag - veľký, čierny";"pettag/v/c";"114046";"FG260";"9990000114046";"ks"
"Pet Tag - veľký, červený";"pettag/v/ce";"114044";"FG259";"9990000114044";"ks"
"Pet Tag - veľký, modrý";"pettag/v/m";"114045";"FG261";"9990000114045";"ks"
"Pet Tag - veľký, ružový";"pettag/v/r";"114064";"FG262";"9990000114064";"ks"
"Nitto 9605 polysterová lepiaca páska, obojstranná 19 mm x 50 m";"pf9605/19";"128753";"FG192";"9990000128753";"ks"
"Nitto 9605 polyesterová lepiaca páska, obojstranná 0,22 mm x 25 mm x 50 m";"pf9605/25";"128583";"FG191";"9990000128583";"ks"
"Canon PFI-300 Cyan atramentová náplň";"pfi300c";"118564";"";"4549292158847";"ks"
"Canon PFI-300 Chroma Optimiser atramentová náplň";"pfi300co";"118571";"";"4549292159103";"ks"
"Canon PFI-300 Grey atramentová náplň";"pfi300gy";"118570";"";"4549292159073";"ks"
"Canon PFI-300 Magenta atramentová náplň";"pfi300m";"118565";"";"4549292158878";"ks"
"Canon PFI-300 MBK Matte Black atramentová náplň";"pfi300mbk";"118562";"";"4549292158656";"ks"
"Canon PFI-300 PBK Photo Black atramentová náplň";"pfi300pbk";"118563";"";"4549292158816";"ks"
"Canon PFI-300 Photo Cyan atramentová náplň";"pfi300pc";"118567";"";"4549292158939";"ks"
"Canon PFI-300 Photo Magenta atramentová náplň";"pfi300pm";"118568";"";"4549292159011";"ks"
"Canon PFI-300 Red atramentová náplň";"pfi300r";"118569";"";"4549292159042";"ks"
"Canon PFI-300 Yellow atramentová náplň";"pfi300y";"118566";"";"4549292158908";"ks"
"Canon PFI-4100 Atramentová náplň Blue, 80 ml (6786C001)";"pfi4100b";"140636";"";"4549292238655";"ks"
"Canon PFI-4100 Atramentová náplň Cyan, 80 ml (6778C001)";"pfi4100c";"140625";"";"4549292238075";"ks"
"Canon PFI-4100 Atramentová náplň Chroma optimizer, 80 ml (6787C001)";"pfi4100co";"140637";"";"4549292238709";"ks"
"Canon PFI-4100 Atramentová náplň Grey, 80 ml (6783C001)";"pfi4100g";"140631";"";"4549292238501";"ks"
"Canon PFI-4100 Atramentová náplň Magenta, 80 ml (6779C001)";"pfi4100m";"140626";"";"4549292238129";"ks"
"Canon PFI-4100 Atramentová náplň Matte black, 80 ml (6776C001)";"pfi4100mbk";"140623";"";"4549292237955";"ks"
"Canon PFI-4100 Atramentová náplň Photo black, 80 ml (6777C001)";"pfi4100pbk";"140624";"";"4549292238020";"ks"
"Canon PFI-4100 Atramentová náplň Photo cyan, 80 ml (6781C001)";"pfi4100pc";"140628";"";"4549292238242";"ks"
"Canon PFI-4100 Atramentová náplň Photo grey, 80 ml (6784C001)";"pfi4100pg";"140632";"";"4549292238556";"ks"
"Canon PFI-4100 Atramentová náplň Photo magenta, 80 ml (6782C001)";"pfi4100pm";"140629";"";"4549292238303";"ks"
"Canon PFI-4100 Atramentová náplň Red, 80 ml (6785C001)";"pfi4100r";"140634";"";"4549292238600";"ks"
"Canon PFI-4100 Atramentová náplň Yellow, 80 ml (6780C001)";"pfi4100y";"140627";"";"4549292238174";"ks"
"PFX401 POLIFLEX biely, šírka 0,5 m";"pfx401";"56857";"FN075";"9990000056857";"cm2"
"PFX402 POLIFLEX čierny, šírka 0,5m";"pfx402";"56856";"FN076";"9990000056856";"cm2"
"PFX403 POLIFLEX neón modrý, šírka 0,5m";"pfx403";"56849";"FN077";"9990000056849";"cm2"
"PFX4033 - Premium Flex Print White matt-tenká, 50 mic, šírka 0,5m (printflex)";"pfx4033";"116394";"FN079";"9990000116394";"cm2"
"PFX404 POLIFLEX zelený, šírka 0,5m";"pfx404";"56817";"FN080";"9990000056817";"cm2"
"PFX405 POLIFLEX námornícky modrý, šírka 0,5m";"pfx405";"56814";"FN081";"9990000056814";"cm2"
"PFX406 POLIFLEX kráľovsky modrý, šírka 0,5m";"pfx406";"56813";"FN082";"9990000056813";"cm2"
"PFX407 POLIFLEX tmavozelený, šírka 0,5m";"pfx407";"56807";"FN083";"9990000056807";"cm2"
"PFX408 POLIFLEX červený, šírka 0,5m";"pfx408";"56854";"FN084";"9990000056854";"cm2"
"PFX409 POLIFLEX bordový, šírka 0,5m";"pfx409";"56848";"FN085";"9990000056848";"cm2"
"PFX410 POLIFLEX žltý, šírka 0,5m";"pfx410";"56815";"FN086";"9990000056815";"cm2"
"PFX412 POLIFLEX šedý, šírka 0,5m";"pfx412";"56836";"FN087";"9990000056836";"cm2"
"PFX413 POLIFLEX tyrkysový, šírka 0,5m";"pfx413";"56843";"FN088";"9990000056843";"cm2"
"PFX414 POLIFLEX purpurový, šírka 0,5m";"pfx414";"56837";"FN089";"9990000056837";"cm2"
"PFX415 POLIFLEX oranžový, šírka 0,5m";"pfx415";"56841";"FN090";"9990000056841";"cm2"
"PFX416 POLIFLEX hnedý, šírka 0,5m";"pfx416";"56846";"FN091";"9990000056846";"cm2"
"PFX417 POLIFLEX béžový, šírka 0,5m";"pfx417";"56850";"FN092";"9990000056850";"cm2"
"PFX418 POLIFLEX stredne žltý, šírka 0,5m";"pfx418";"56853";"FN093";"9990000056853";"cm2"
"PFX419 POLIFLEX citrónovo žltý, šírka 0,5m";"pfx419";"56808";"FN094";"9990000056808";"cm2"
"PFX420 POLIFLEX zlatý, šírka 0,5m";"pfx420";"56812";"FN095";"9990000056812";"cm2"
"PFX421 PREMIUMFLEX zlatý, vysokolesklý, šírka 0,5m";"pfx421";"63447";"FN096";"9990000063447";"cm2"
"PFX430 POLIFLEX strieborný, šírka 0,5m";"pfx430";"56852";"FN097";"9990000056852";"cm2"
"PFX431 STARFLEX vysokolesklý zrkadlovo strieborný, šírka 0,5m";"pfx431";"63270";"FN098";"9990000063270";"cm2"
"PFX440 POLIFLEX neón.žltý, šírka 0,5m";"pfx440";"56844";"FN100";"9990000056844";"cm2"
"PFX441 POLIFLEX neón.zelený, šírka 0,5m";"pfx441";"56851";"FN101";"9990000056851";"cm2"
"PFX442 POLIFLEX neón.oranžový, šírka 0,5m";"pfx442";"56847";"FN102";"9990000056847";"cm2"
"PFX443 POLIFLEX neón.ružový, šírka 0,5m";"pfx443";"56838";"FN103";"9990000056838";"cm2"
"PFX4781 Premium FLEX reflexný strieborný, šírka 0,5m";"pfx4781";"79268";"FN108";"9990000079268";"cm2"
"Canon PGI-580 Atramentová náplň Black";"pgi580bk";"104792";"";"4549292087062";"ks"
"Pilot Roller FriXion 0,7 zelený";"pi2064-004";"27643";"";"4902505322730";"ks"
"Pilot Roller FriXion 0,7 fialový";"pi2064-008";"27644";"";"4902505322754";"ks"
"Pilot Roller FriXion 0,7 ružový";"pi2064-009";"41023";"";"4902505358067";"ks"
"Pilot Roller FriXion 0,7 sv.zelený";"pi2064-011";"51051";"";"4902505391675";"ks"
"Pilot Roller FriXion 0,5 červená";"pi2064-502";"116002";"";"4902505360091";"ks"
"Pilot Zvýrazňovač FriXion Light Soft 3,8mm gumovateľný zelený";"pi4138-004";"94532";"";"4902505473852";"ks"
"Pilot Zvýrazňovač FriXion Light Natural Colors (sada=6ks)";"pi4139/s6";"129012";"";"3131910572589";"sada"
"Hliníkový plech biely, 300x600 mm, hrúbka 0,56mm";"plechb";"57074";"FG084";"9990000057074";"ks"
"Hliníkový kruh biely, 285mm";"plechb/285";"84378";"FG082";"9990000084378";"ks"
"Hliníkové koliesko biele, 50 mm";"plechb/50mm";"81011";"FG081";"9990000081011";"ks"
"Hliníkové koliesko biele, 50 mm (bal=50ks)";"plechb/50mm/50";"147382";"FG081b";"9990000147382";"bal"
"Hliníkový plech bronz, 300x600 mm, hrúbka 0,56mm";"plechbronz";"58220";"FG085";"9990000058220";"ks"
"Hliníkový plech strieborný lesk, 300x600 mm, hrúbka 0,56mm";"plechsl";"58218";"FG088";"9990000058218";"ks"
"Hliníkový plech strieborný matt, 300x600 mm, hrúbka 0,56mm";"plechsm";"58219";"FG089";"9990000058219";"ks"
"Hliníkový plech zlatý lesk, 300x600 mm, hrúbka 0,56mm";"plechzl";"58213";"FG091";"9990000058213";"ks"
"Hliníkový plech zlatý lesk tmavý, 300x600 mm, hrúbka 0,56mm";"plechzlt";"58214";"FG090";"9990000058214";"ks"
"Hliníkový plech zlatý matt tmavý, 300x600 mm, hrúbka 0,56mm";"plechzmt";"58215";"FG092";"9990000058215";"ks"
"Plexisklo XT 10mm číre";"plexixtci/10mm";"101582";"FG272";"9990000101582";"cm2"
"Plexisklo XT 2mm číre";"plexixtci/2mm";"101583";"FG273";"9990000101583";"cm2"
"Plexisklo XT 3mm číre";"plexixtci/3mm";"101584";"FG274";"9990000101584";"cm2"
"Plexisklo XT 4mm číre";"plexixtci/4mm";"101585";"FG275";"9990000101585";"cm2"
"Plexisklo XT 5mm číre";"plexixtci/5mm";"101586";"FG276";"9990000101586";"cm2"
"Plexisklo XT 6mm číre";"plexixtci/6mm";"128582";"FG277";"9990000128582";"cm2"
"Canon PM-101 Photo Paper Matte, A2, 210g (bal=20ks)";"pm101a2";"98431";"MF030";"4549292041668";"bal"
"Podbradník SOFT biely, modrý lem, 315 x 405 mm";"podbradnik/m";"79263";"TO041";"9990000079263";"ks"
"Podbradník SOFT biely, ružový lem, 315 x 405 mm";"podbradnik/r";"79262";"TO042";"9990000079262";"ks"
"Podbradník biely SATÉN, modrý lem, 290 x 240 mm";"podbradniksat/m";"79264";"TO039";"9990000079264";"ks"
"Podbradník biely SATÉN, ružový lem, 290 x 240 mm";"podbradniksat/r";"79265";"TO040";"9990000079265";"ks"
"Barová podložka SANK, 45x25 cm, potlač 40x21 cm";"podlozkabar";"62692";"FG006";"5903069002556";"ks"
"Pokladnička, biela";"pokladnicka/b";"63464";"KE047";"5903069005960";"ks"
"Biela polymerická fólia ImagePerfect, gloss 1372mm/50m";"polvinyl1372/50";"143124";"";"9990000143124";"rol"
"Polyart polyesterový papier biely matný SRA3/368g,,20x450mm 270 mic (bal=100hár)";"polyart/368g/bal";"143325";"MF730a";"3458346133437";"bal"
"Poly-tex W, 280g, 42'' - 1067mm, 30m";"polytex42";"77280";"VF118b";"9990000077280";"rol"
"Plagátové lišty - Poster Snapp 42cm";"postsnapp42";"114353";"";"8595578304169";"pár"
"Plagátové lišty - Poster Snapp 60cm";"postsnapp60";"48743";"";"8595578304190";"pár"
"Papier na pečenie hárky 38x42cm, biely (bal=20ks)";"pp/13700";"127799";"FN073";"9001376078137";"bal"
"Canon PP201 Photo Paper Plus Glossy II, A3, 265g (bal=20ks)";"pp201a3";"40900";"MF036";"4960999537283";"bal"
"Canon PP201 Photo Paper Plus Glossy II, A3+ (32,9 x 48,3cm), 265g (bal=20ks)";"pp201a3+";"40910";"MF037";"4960999537290";"bal"
"Canon PP201 Photo Paper Plus Glossy II, A4, 265g (bal=20ks)";"pp201a4";"40909";"MF038";"4960999537269";"bal"
"Canon PP201 Photo Paper Plus Glossy II, 10×15cm, (bal=50ks)";"pp201s";"35614";"MF034";"4960999484198";"bal"
"Canon PP201 Photo Paper Plus Glossy II, 265g 13×18cm, (bal=20ks)";"pp201s2";"40906";"MF035";"4960999537276";"bal"
"Samolepiaca predsádka A4 Portrait pár pre lepenú väzbu, biela (bal=50 párov)";"predsadka/b";"48019";"OV035";"6430045952592";"bal(50pár)"
"Samolepiaca predsádka A4 Portrait pár pre lepenú väzbu, čierna (bal=50 párov)";"predsadka/c";"73709";"OV036";"9990000073709";"bal(50pár)"
"Samolepiaca predsádka 305x305 mm štvorec pár pre lepenú väzbu, biela (bal=50 párov)";"predsadka305x305/b";"112467";"OV033";"6430045952646";"bal(50pár)"
"Samolepiaca predsádka A3 Portrait pár pre lepenú väzbu, biela (bal=50 párov)";"predsadkaA3/b";"64347";"OV034";"6430045952615";"bal(50pár)"
"Prestieranie LINEN na potlač - 30x40 cm";"prestieranie/lan";"113317";"TO044";"9990000113317";"ks"
"Spevňovacia priečka 100cm";"priecka100";"74825";"FO074";"9990000074825";"ks"
"Spevňovacia priečka 150cm";"priecka150";"79379";"FO084";"9990000079379";"ks"
"Spevňovacia priečka 170cm";"priecka170";"79585";"FO088";"9990000079585";"ks"
"Spevňovacia priečka 175cm";"priecka175";"79586";"FO089";"9990000079586";"ks"
"Spevňovacia priečka 20cm";"priecka20";"79561";"FO095";"9990000079561";"ks"
"Spevňovacia priečka 200cm";"priecka200";"79380";"FO094";"9990000079380";"ks"
"Spevňovacia priečka 25cm";"priecka25";"79564";"FO096";"9990000079564";"ks"
"Spevňovacia priečka 30cm";"priecka30";"56379";"FO097";"9990000056379";"ks"
"Spevňovacia priečka 35cm";"priecka35";"79565";"FO098";"9990000079565";"ks"
"Spevňovacia priečka 40cm";"priecka40";"79566";"FO099";"9990000079566";"ks"
"Spevňovacia priečka 45cm";"priecka45";"56378";"FO100";"9990000056378";"ks"
"Spevňovacia priečka 50cm";"priecka50";"58035";"FO101";"9990000058035";"ks"
"Spevňovacia priečka 55cm";"priecka55";"79567";"FO102";"9990000079567";"ks"
"Spevňovacia priečka 60cm";"priecka60";"75491";"FO103";"9990000075491";"ks"
"Spevňovacia priečka 65cm";"priecka65";"72637";"FO104";"9990000072637";"ks"
"Spevňovacia priečka 70cm";"priecka70";"75558";"FO105";"9990000075558";"ks"
"Spevňovacia priečka 75cm";"priecka75";"79568";"FO106";"9990000079568";"ks"
"Spevňovacia priečka 80cm";"priecka80";"75498";"FO107";"9990000075498";"ks"
"Spevňovacia priečka 85cm";"priecka85";"79569";"FO108";"9990000079569";"ks"
"Spevňovacia priečka 90cm";"priecka90";"61927";"FO109";"9990000061927";"ks"
"Spevňovacia priečka 95cm";"priecka95";"79570";"FO110";"9990000079570";"ks"
"HAMA Prívesok na kľúče akrylový, 2,7 x 4,4 cm/66107 (1/24 ks)";"priv/akryl2744";"146915";"";"4007249661074";"ks"
"Kovový prívesok na kľúče SM-10D, štvorec 2,5 x 2,5 cm (obojstranný)";"priv/kov25x25";"140728";"FG436";"9990000140728";"ks"
"Koženkový prívesok na kľúče MD40-N, obdĺžnik 2,5 x 4 cm (jednostranný)";"priv/kov25x40";"140737";"FG437";"9990000140737";"ks"
"Kovový prívesok na kľúče SM-33D, kruh 3,3 cm (obojstranný)";"priv/kov33";"140736";"FG438";"9990000140736";"ks"
"Prívesok plastový kruh, matný, priemer 39 mm, hrúbka 3,3 mm";"privplast/kruh39";"99402";"FG282";"9990000099402";"ks"
"Protisklzové podložky";"protisklzpodl";"103177";"FG286";"9990000103177";"ks"
"PT100 Prenosový papier - vysoká lepivosť 610mm/100m";"pt100";"150847";"";"9990000150847";"m2"
"Canon PT101 Photo Paper Pro Platinum, A2, 300g (bal=20ks)";"pt101a2";"104105";"MF040";"4549292041620";"bal"
"Canon PT101 Photo Paper Pro Platinum, A4, 300g (bal=20ks)";"pt101a4";"43662";"MF042";"013803092882";"bal"
"PT133 Prenosový papier 600mm/0,11mm/100m";"pt133";"135916";"FV154";"9990000135916";"m2"
"PT160 Prenosová PVC fólia 600mm/100m";"pt160/600";"98880";"FV155b";"9990000098880";"m2"
"PT870 Prenosová poli-thermo fólia 0,5 x 25 m";"pt870";"133211";"FV159";"9990000133211";"m2"
"Puzzle A3 - na potlač,130 dielov (okraj)";"puzzleA3";"29846";"FG287";"9990000029846";"ks"
"Puzzle sublimačné - 40,5x28,5 cm, 192 dielov (bal=5 ks)";"puzzleA3_sub192/5";"156208";"FG291b";"5903069016478";"bal"
"Puzzle sublimačné - 28x19 cm, 96 dielov (bal=5ks)";"puzzleA4_sub96/5";"156207";"FG290b";"5903069014610";"bal"
"Puzzle A5 - na potlač,35 dielov (okraj)";"puzzleA5";"29844";"FG289";"9990000029844";"ks"
"PVC karta - biela, 0,76 mm, 85x54 mm";"pvcbiela";"47640";"FG296";"8596375003644";"ks"
"PVC karta - biela s RFID čipom, 125 kHz";"pvcbiela/cip125";"115762";"FG294";"9990000115792";"ks"
"PVC karta - biela s RFID čipom 13,56 MHz";"pvcbiela/cip1356";"116497";"FG295";"9990000116497";"ks"
"PVC karta - červená, 0,76 mm, 85x54 mm";"pvccervena";"104774";"FG297";"8596375003736";"ks"
"PVC karta - čierna, 0,76 mm, 85x54 mm";"pvccierna";"104773";"FG298";"8596375030558";"ks"
"PVC karta - modrá, 0,76 mm, 85x54 mm";"pvcmodra";"104777";"FG299";"8596375003781";"ks"
"PVC karta - strieborná, 0,76 mm, 85x54 mm";"pvcstrieborna";"101436";"FG300";"";"ks"
"PVC karta - zelená, 0,76 mm, 85x54 mm";"pvczelena";"104775";"FG301";"8596375003798";"ks"
"PVC karta - zlatá, 0,76 mm, 85x54 mm";"pvczlata";"104772";"FG302";"";"ks"
"PVC karta - žltá, 0,76 mm, 85x54 mm";"pvczlta";"104776";"FG303";"8596375003750";"ks"
"Q-Connect fólia A3 priehľadná, polyesterová (bal=100hár)";"qc014674";"96348";"FM021";"5705831146747";"bal"
"N8 HEXIS R8501 Reflexná fólia biela 1220mm";"r8501";"116534";"FV143";"9990000116534";"m2"
"N8 HEXIS R8503 Reflexná fólia oranžová 1220mm";"r8503";"117125";"FV144";"9990000117125";"m2"
"N8 HEXIS R8514 Reflexná fólia čierna 1220mm";"r8514";"62474";"FV146";"9990000062474";"m2"
"N8 HEXIS R8520 Reflexná fólia zelená 1220mm";"r8520";"74929";"FV147";"9990000074929";"m2"
"N8 HEXIS R8581 Reflexná fólia žltá 1220mm";"r8581";"109075";"FV148";"9990000109075";"m2"
"N8 HEXIS R8586 Reflexná fólia červená 1220mm";"r8586";"64868";"FV149";"9990000064868";"m2"
"Raflatac Ratflacoat Plus FSC 170g, 50x70cm,samol. papier biely pololesklý";"raflacoat170";"126165";"ET399";"6415787161624";"ks"
"Plagátové lišty - magnetické, 43 cm, drevo, farba biela";"ramexlw43mfbiela";"128836";"HL168";"7611195102177";"ks"
"RAY 0310.1123A fólia 210x297mm/A4, lesklá priehľadná (bal=100hár)";"ray03101123a";"24789";"FM024";"8595094790019";"bal"
"RAY fólia (etiketa) laser samol. 210x297mm/A4, matná transp., exteriér (bal=100hár)";"ray03601123a";"129080";"ET403";"8595094724441";"bal"
"RAY fólia (etiketa) laser samol. 210x297mm/A4, lesklá transp., exteriér (bal=100hár)";"ray04001123a/100";"24788";"FM029";"8595094725448";"bal"
"RAY fólia (etiketa) laser samol. 297x420mm/A3, lesklá transp., exteriér (bal=100hár)";"ray04001123aa3";"43365";"FM027";"8595094725431";"bal"
"RAY fólia (etiketa) laser samol. 210x297mm/A4, matná biela, exteriér (bal=100hár)";"ray05021123a/100";"34528";"FM028";"8595094727442";"bal"
"RAY fólia (etiketa) laser polyester. samol. 210x297mm/A4, leská biela (bal=100hár)";"ray05041123a";"45936";"FM026";"8595094724908";"bal"
"RAY fólia (etiketa) laser polyester. samol. 297x420mm/A3, leská biela (bal=100hár)";"ray05041123a31";"46365";"FM030";"8595094727671";"bal"
"RAY fólia laser mono 210x297mm/A4, matná transparentná (bal=100hár)";"ray10601123a";"29276";"FM025";"R1060.1123A";"bal"
"Fellowes Relido Lišty násuvné 61-120listov čierne (bal=50ks)";"rel120/cierna";"32883";"HL035";"043859655533";"bal"
"Násuvná lišta 2,2mm, 1,5m, biela (20 listov)";"rel1500mm/b";"143780";"HL256";"99900000143780";"ks"
"Násuvná lišta 2,2mm, 1,5m, čierna (20 listov)";"rel1500mm/c";"143781";"HL255";"99900000143781";"ks"
"Násuvná lišta 2,2mm, 1,5m, červená (20 listov)";"rel1500mm/ce";"143782";"HL254";"99900000143782";"ks"
"Roll-up konštrukcia na 100x200 cm";"rollup100x200";"42171";"";"5907451660041";"ks"
"Roll-up konštrukcia na 120x200 cm";"rollup120x200";"127002";"";"9990000127002";"ks"
"Roll-up konštrukcia na 85 x 200 cm";"rollup85x200";"64976";"";"9990000064976";"ks"
"Roll-up konštrukcia na 85 x 200 cm - Exclusive";"rollup85x200excl";"42172";"";"9990000042172";"ks"
"Ruksak KAVI červená";"ruksakKAVI/ce";"104638";"TO047";"9990000104638";"ks"
"Ruksak KAVI zelená";"ruksakKAVI/ze";"104639";"TO048";"9990000104639";"ks"
"Ruksak MILO béžová";"ruksakMILO/be";"104636";"TO049";"9990000104636";"ks"
"Ruksak MILO čierna";"ruksakMILO/c";"104637";"TO050";"9990000104637";"ks"
"Ruksak TORI červená";"ruksakTORI/ce";"104640";"TO051";"9990000104640";"ks"
"AIRCRAFT Spinky zošívacie 80/6 do pneu.sponkovačky (bal=5000ks)";"s/aircraft80/6";"101066";"FG004";"9006248012820";"bal"
"Šatka Tunel, biela";"satka/tunel";"83472";"TO059";"8591729068799";"ks"
"Serixo ofsetový papier SRA2/190g";"serixo219sr";"100892";"VF125";"9990000100892";"hár"
"Serixo ofsetový papier 700x1000/250g";"serixo70100/250";"100801";"VF124";"9990000100801";"hár"
"Canon SG201 Photo Paper Plus Semi-gloss, A3, 260g (bal=20ks)";"sg201a3";"25301";"MF044";"4960999405421";"bal"
"Canon SG201 Photo Paper Plus Semi- gloss, A3+ (32,9 x 48,3cm), 260g (bal=20ks)";"sg201a3+";"25302";"MF045";"4960999405469";"bal"
"Canon SG201 Photo Paper Plus Semi-gloss, A4, 260g (bal=20ks)";"sg201a4";"25303";"MF046";"4960999405377";"bal"
"Canon SG201S Photo Paper Plus Semi-gloss, 10×15cm, 260g (bal=50ks)";"sg201s";"25304";"MF047";"4960999405339";"bal"
"Šiltovka 5P čierna (100% bavlna)";"siltovkabk";"55113";"TO062";"8591729011856";"ks"
"Šiltovka 5P svetlomodrá - sky blue (100% bavlna)";"siltovkabl";"55126";"TO069";"8591729011887";"ks"
"Šiltovka FlexFit Silver";"siltovkaFX6277/s";"157551";"";"9990000157551";"ks"
"Šiltovka 5P fľaškovo zelená (100% bavlna)";"siltovkafz";"126861";"TO063";"8591729216077";"ks"
"Šiltovka 5P zelená (100% bavlna)";"siltovkag";"55123";"TO073";"8591729011894";"ks"
"Šiltovka 5P khaki (100% bavlna)";"siltovkakh";"126862";"TO064";"8591729216084";"ks"
"Šiltovka 5P oranžová (100% bavlna)";"siltovkaor";"126863";"TO067";"8591729216091";"ks"
"Šiltovka 5P červená (100% bavlna)";"siltovkar";"55118";"TO061";"8591729006043";"ks"
"Šiltovka 5P starostrieborná (100% bavlna)";"siltovkass";"126858";"TO068";"8591729216107";"ks"
"Šiltovka 5P tyrkysová (100% bavlna)";"siltovkat";"126860";"TO072";"8591729216114";"ks"
"Šiltovka 5P tmavá bridlica (100% bavlna)";"siltovkatb";"126859";"TO070";"8591729216121";"ks"
"Šiltovka 5P biela (100% bavlna)";"siltovkaw";"53323";"TO060";"8591729037009";"ks"
"Skybond light hliníkový sendvič 1x2,05 m bielo/biely / 3mm";"skybond3l";"92826";"FG461";"9990000092826";"m2"
"Dosky so šnúrkami Prestige Classic A4/čierna (1 pár)";"spd/A4/cierna";"127750";"OV002";"5903868026753";"ks"
"Dosky so šnúrkami Prestige Classic A4/modrá (1 pár)";"spd/A4/modra";"127751";"OV003";"5903868137244";"ks"
"Maturitná stužka- mašlička";"st/mat";"147628";"";"9990000147628";"ks"
"Stuha taftová šírka cca 108 mm, biela 100, 100% PES";"st108/100";"131879";"TO053";"9990000131879";"bm"
"Stuha taftová šírka cca 108 mm, krémová 201, 100% PES";"st108/201";"131880";"TO055";"9990000131880";"bm"
"Stuha taftová šírka cca 108 mm, zelená maturitná 309, 100% PES";"st108/309";"95086";"TO058";"9990000095086";"bm"
"Stuha taftová šírka cca 108 mm, modrá svetlá 405, 100% PES";"st108/405";"131881";"TO056";"9990000131881";"bm"
"Stuha taftová šírka cca 108 mm, ružová 605, 100% PES";"st108/605";"131883";"TO057";"9990000131883";"bm"
"Stuha taftová šírka cca 108 mm, čierna 900, 100% PES";"st108/900";"131882";"TO054";"9990000131882";"bm"
"STELA rám na kapa dosku 20x30 cm, biela";"stelaram3020b";"147426";"FO114a";"9990000147426";"ks"
"STELA rám na kapa dosku 20x30 cm, čierna";"stelaram3020c";"147429";"FO114b";"9990000147429";"ks"
"STELA rám na kapa dosku 20x30 cm, hnedá";"stelaram3020h";"147430";"FO114c";"9990000147430";"ks"
"STELA rám na kapa dosku 60x40 cm, biela";"stelaram6040b";"147427";"FO115a";"9990000147427";"ks"
"STELA rám na kapa dosku 60x40 cm, čierna";"stelaram6040c";"147431";"FO115b";"9990000147431";"ks"
"STELA rám na kapa dosku 60x40 cm, hnedá";"stelaram6040h";"147432";"FO115c";"9990000147432";"ks"
"STELA rám na kapa dosku 80x50 cm, biela";"stelaram8050b";"147428";"FO116a";"9990000147428";"ks"
"stelaram8050c";"stelaram8050c";"";"";"0";"ks"
"STELA rám na kapa dosku 80x50 cm, hnedá";"stelaram8050h";"147434";"FO116c";"9990000147434";"ks"
"Odpadová kazeta HD-SG400/800, SG500/1000 ( IZRI320 )";"subliHDSG800/o";"109130";"";"4961311866555";"ks"
"Sublimačná farba SubliJet UHD- SG1000 Black, 70 ml";"subliUHDSG1000/bk";"127962";"";"609231";"ks"
"Sublimačná farba SubliJet UHD- SG1000 Cyan, 70 ml";"subliUHDSG1000/c";"127963";"";"609232";"ks"
"Sublimačná farba SubliJet UHD- SG1000 Magenta, 70 ml";"subliUHDSG1000/m";"127964";"";"609233";"ks"
"Sublimačná farba SubliJet UHD- SG1000 Yellow, 70 ml";"subliUHDSG1000/y";"127965";"";"609234";"ks"
"Synaps PET biely matný A4/135g, 120 mic (1/250hár)";"synaps/120a4";"83879";"FM033";"9990000083879";"hár"
"Synaps PET biely matný SRA3/135g, 120 mic,320x450mm (1/250hár)";"synaps/120sra3";"104249";"FM039";"9990000104249";"hár"
"Synaps PET biely matný A4/230g, 200 mic (1/250hár)";"synaps/200a4";"83226";"FM035";"9990000083226";"hár"
"Synaps PET biely matný SRA3/230g, 200 mic,320x450mm (1/250hár)";"synaps/200sra3";"95780";"FM040";"9990000095780";"hár"
"Synaps PET biely matný A4/300g, 250 mic (1/250hár)";"synaps/250a4";"86321";"FM037";"9990000086321";"hár"
"Synaps PET biely matný SRA3/300g, 250 mic,320x450mm,320x450mm (1/250hár)";"synaps/250sra3";"135167";"FM041";"9990000135167";"hár"
"Taška bavlnená - biela, cca 42 x 38 cm";"taskab";"50523";"TO081";"8591729010859";"ks"
"Taška na potlač - natural, cca 42 x 38 cm";"taskan";"73139";"TO082";"8591729010897";"ks"
"Tesa Páska obojstranná 6mmx50m, odolná voči pretrhnutiu a teplotám, červená";"te496550";"117571";"FG326";"9990000117571";"ks"
"Obal na termoväzbu A4";"termoa4";"10923";"OV025";"9990000010923";"ks"
"Obal na termoväzbu A5";"termoa5";"10924";"OV026";"9990000010924";"ks"
"Kravata na termosublimačnú tlač, biela";"termokravata";"46041";"TO025";"5903069003331";"ks"
"Termosublimačná podložka pod myš 28 x 40 cm - 3 mm";"termomys/2840";"109622";"FG324";"9990000109622";"ks"
"Termosublimačná podložka pod myš - 27x19 cm";"termomys2";"45878";"FG322";"9990000045878";"ks"
"Tienidlo do auta (2ks)";"tienidlo";"63459";"FG328";"9990000063459";"bal"
"Tepede Banner COTA matt 510g 1100mm, 50m";"tpdBannerCota510/1100";"109036";"VF147";"9990000109036";"rol"
"Tepede Banner COTA matt 510g 1372mm, 50m";"tpdBannerCota510/1372";"109044";"";"9990000109044";"rol"
"Tepede Banner COTA matt 510g 1600mm, 50m";"tpdBannerCota510/1600";"109045";"";"9990000109045";"rol"
"Tepede Blue back Premium 1372mm (54""), 61m/120g";"tpdBlueback120v137";"79184";"VF156a";"9990000079184";"rol"
"Tepede High Color Contrast Paper 120g, 42"" (1067mm), 30m (24118), 50 mm dutinka";"tpdColor120v42";"42187";"VF167c";"9990000042187";"rol"
"Tepede High Color Contrast Paper 140g, 42"" (1067mm), 30m";"tpdColor140v42";"147439";"VF209c";"9990000147439";"rol"
"Tepede High Color Contrast Paper 180g, 42"" (1067mm), 30m (26120), 50 mm dutinka";"tpdColor180v42";"79946";"VF170b";"9990000079946";"rol"
"DD Photo glossy II 250g 1067x30";"tpdDDpp250g42";"137187";"VF208b";"9990000137187";"rol"
"Display film SLP, 1070mm x 30m /0,23mm(26479)";"tpddisplayfilm1070";"80185";"VF080b";"9990000080185";"rol"
"Display film SB/G matt, 914mm x 30m /0,18mm";"tpddisplayfilm914/SB/G";"130727";"VF080a";"9990000130727";"rol"
"Tepede GEKKO-TEX S1 II, 1370mm, 30m";"tpdgekkotex1370";"95764";"VF164";"9990000095764";"rol"
"Tepede GEKKO-TEX S1 II, 1520mm, 30m";"tpdgekkotex1520";"84248";"VF165";"9990000084248";"rol"
"Tepede Giftwrap, baliaci papier 95g, 1030mm, 50m";"tpdGiftwrap/1030";"119698";"";"9990000119698";"rol"
"Tepede Jetcoat 200g, 1600mm (63""), 60m";"tpdjetcoat200v160";"143299";"VF202";"9990000143299";"rol"
"Tepede Magnet Film, biely matný, 0.9mm, 1000mm, 10m";"tpdMag9/1000";"115974";"VF173";"9990000115974";"rol"
"Tepede samolepiaca transparentná fólia (matná sivá) 1220mm, 80 mic, 50m";"tpdmat1220/50";"139049";"";"9990000139049";"rol"
"Tepede Mesh Dura Strip s podkladovým materiálom 1600mm (63"") x 30m / 360g";"tpdMesh";"56246";"VF174";"9990000056246";"rol"
"Tepede Muramour dig. linen, 1300mm, 30m";"tpdmur/diglinen";"79536";"VF175";"9990000079536";"rol"
"Tepede Muramour dig. sable, 1300mm, 30m";"tpdmur/digsable";"79537";"VF176";"9990000079537";"rol"
"Synergy line - ONE WAY VISION Premium LX, 1270mm/50m, 115 mic";"tpdOneway/1270";"135914";"VF143";"9990000135914";"rol"
"Polyprop Satin I., 1070mm x 30m /0,20mm";"tpdpolyprop1070satin";"136470";"VF117b";"9990000136470";"rol"
"Tepede Solstar Satin 135g, 1370mm (54""), 61m (24435)";"tpdSolstar135v137";"47233";"VF180b";"9990000047233";"rol"
"Tepede Solstar Satin 135g, 1626 mm, 61m";"tpdSolstar135v162";"49643";"VF180c";"9990000049643";"rol"
"Tepede Solstar Satin 200g, 1372mm, 50m";"tpdSolstar200v137";"77175";"VF181b";"9990000077175";"rol"
"Tepede Solstar Satin 200g, 1626mm (63""), 50m (24819)";"tpdSolstar200v162";"47801";"VF181c";"9990000047801";"rol"
"Tepede Solstar Satin 200g, 1067mm (42""), 50m";"tpdSolstar200v42";"83060";"VF181a";"9990000083060";"rol"
"Tepede Vinyl Monomeric Soft, gloss, biela, ľahko odstrániteľná 1050mm, 50m (biele lepidlo)";"tpdvinylM100/1050b";"142514";"FV171";"9990000142514";"rol"
"Tepede Vinyl Monomeric Soft, gloss, ľahko odstrániteľná 1050mm, 50m (čierne lepidlo)";"tpdvinylM100/1050c";"137294";"FV168";"9990000137294";"rol"
"Tepede Vinyl Monomeric Soft samolepiaca fólia gloss biela 1050mm, 50m, 0,8m (80mic)";"tpdvinylrijet145/105";"113935";"FV162";"9990000113935";"rol"
"Tepede Vinyl Monomeric Soft samolepiaca fólia gloss biela 1050mm, 50m, 0,8m (100mic)";"tpdvinylrijet145/105/100";"153841";"FV177a";"9990000153841";"rol"
"Tepede Vinyl Monomeric Soft samolepiaca fólia gloss biela 1370mm, 50m, 0,8m (80mic)";"tpdvinylrijet145/1370";"114307";"";"9990000114307";"rol"
"Tepede Vinyl Monomeric Soft samolepiaca fólia gloss biela 1370mm, 50m, 0,8m (100mic)";"tpdvinylrijet145/1370/100";"153840";"FV177b";"9990000153840";"rol"
"Tepede M100 Vinyl Monomeric Soft, gloss, čierna, ľahko odstrániteľná 1600mm, 50m";"tpdvinylrijetM100/1600";"137011";"FV170";"9990000137011";"rol"
"Tepede RI-JET M100 samolepiaca fólia matná 1600mm, 100 mic, 50m";"tpdvinylrijetM100pg/1600";"132625";"FV161";"9990000132625";"rol"
"Tepede White Paper CAD 80g, 42"" (1067mm), 50m, d 50 mm, 25239 (1/6)";"tpdWhiteCAD42";"23899";"VF188";"9990000023899";"rol"
"Tepede Zenith Photo Matt 180g, 36"" (914mm), 30m (23651)";"tpdZenith36";"41638";"VF170d";"9990000041638";"rol"
"Tepede Zenith Photo Matt 180g, 42"" (1067mm), 30m (23652)";"tpdZenith42";"42180";"VF170e";"9990000042180";"rol"
"TR100 PVC fólia, pieskový efekt (150x100 cm)";"tr100";"62075";"FV166";"9990000062075";"rol"
"Trojlístok (Shamrock Tags), červená";"trojlistok/ce";"103967";"FG329";"9990000103967";"ks"
"Trojlístok (Shamrock Tags), čierna";"trojlistok/cie";"103968";"FG330";"9990000103968";"ks"
"Trojlístok (Shamrock Tags), fialová";"trojlistok/fi";"103966";"FG331";"9990000103966";"ks"
"Trojlístok (Shamrock Tags), modrá";"trojlistok/mo";"103965";"FG332";"9990000103965";"ks"
"Trojlístok (Shamrock Tags), zlatá";"trojlistok/zl";"103964";"FG333";"9990000103964";"ks"
"True Pix A3 sublimačný papier (1/100)";"truepix3";"143078";"FN118";"117297420";"ks"
"Tubus 65x1000mm celastik, mix farieb";"tubus100";"25625";"FG336";"121";"ks"
"Tubus 73x1040mm, kartónový";"tubus104";"94085";"FG338";"5998880320439";"ks"
"Tubus 100 x 1220 mm, kartónový";"tubus122";"112584";"FG335";"9990000112584";"ks"
"Tubus 65x350mm celastik, mix farieb";"tubus35";"25623";"FG337";"121";"ks"
"Úchytka na zrkadlá, 80x80 mm";"uchyt/zrk8080";"131955";"FO113";"9990000131955";"ks"
"Peleman Box Clip A5, 40 mm - čierna";"unibox40a5";"134580";"FG463";"9990000134580";"ks"
"Peleman Box Clip A4, 45 mm - čierna";"unibox45a4";"134581";"FG464";"9990000134581";"ks"
"Peleman Box Clip A4, 90 mm - čierna";"unibox90a4";"134582";"FG465";"9990000134582";"ks"
"Unimagnet 10x10 cm";"unimag10x10";"106257";"FG342";"9990000106257";"ks"
"Unimagnet 10x15 cm";"unimag10x15";"106259";"FG343";"9990000106259";"ks"
"VPaper A4/120g papier";"univpaper";"137624";"MF745";"9990000137624";"hár"
"USB kľúč GOODRAM Click 16GB, na potlač, biely";"usb16gbclick";"107276";"FG345";"9990000107276";"ks"
"USB kľúč Twister 16GB, s potlačou, čierny-strieborný";"usb16gbtwister";"107277";"FG357";"9990000107277";"ks"
"USB kľúč Twister 16GB, s potlačou, bielyy-strieborný";"usb16gbtwister/b";"131994";"FG356";"9990000131994";"ks"
"USB kľúč plastový 16GB, na potlač, biely";"usb16plast";"140039";"FG486";"9990000140039";"ks"
"USB kľúč Twister 32GB, na potlač, čierny-strieborný";"usb32gbc";"137048";"FG420";"9990000137048";"ks"
"USB kľúč Twister 32GB, s potlačou, modrý-strieborný";"usb32gbm";"137064";"FG421";"9990000137064";"ks"
"USB kľúč GOODRAM Twister 8GB, na potlač, modry-strieborný";"usb8gbtwisterblue";"100692";"FG347";"9990000100692";"ks"
"Transcend USB 2.0, 8GB USB kľúč na potlač, biely";"usbts8gjf370";"99188";"FG354";"760557821946";"ks"
"Pauzovací papier A3/90g (bal=500hár)";"ut390";"24227";"MF724";"9002307007684";"bal"
"Pauzovací papier A4/90g (bal=500hár)";"ut490";"24228";"MF725";"9002307007707";"bal"
"Uterák froté, 50x100 cm, biely, 7/9 cm bordúra na potlač";"uterak";"62388";"TO086";"9990000062388";"ks"
"Uterák froté, 30x50 cm, biely, 7/9 cm bordúra na potlač";"uterak/m";"62387";"TO085";"9990000062387";"ks"
"Osuška froté, 70x140 cm, biely, 7/9 cm bordúra na potlač";"uterak/osuska";"62389";"TO036";"9990000062389";"ks"
"Vrecká rýchlouzatváracie 15x22cm (bal=100ks)";"v/1522";"31589";"DB060";"4025648279164";"bal"
"Vak LINEN na potlač - 34x43 cm";"vak/lan";"113318";"TO087";"9990000113318";"ks"
"Vankúš SOFT na potlač, 30x30cm (návlek+výplň)";"vankusset/soft3030";"74306";"TO092";"9990000074306";"ks"
"Vankúš SOFT na potlač, 38x40cm (návlek+výplň)";"vankusset/soft3840";"74305";"TO093";"9990000074305";"ks"
"Vankúš BAVLNA na potlač - srdce 40cm, modrý lem (návlek+výplň)";"vankusset/srdcem";"26216";"TO089";"9990000026216";"ks"
"Vlajka trojuholník malý, 11x16cm";"vlajkatr/m";"73665";"FG390";"9990000073665";"ks"
"Vlajka trojuholník veľký, 13x20cm";"vlajkatr/v";"73666";"FG391";"9990000073666";"ks"
"Vlajka päťuholník V02, 13x20cm";"vlajkav02";"73664";"FG389";"9990000073664";"ks"
"Vrecká PP 25x35+4 cm s lepiacou klopou, (1/100ks)";"vrecko2535/ks";"104666";"TO097";"9990000104666";"ks"
"Vrecko na prezuvky na potlač - biele, cca 45 x 34 cm";"vreckob";"83560";"TO102";"8591729068874";"ks"
"Vrut univerzálny Fischer (bal 500ks)";"vrut/3,5x35";"143410";"";"8596642014922";"ks"
"Vankúš bez návleku - srdce 40x35cm (len výplň k srdcu bavlna)";"vypln/srdceba";"137515";"TO114";"9990000137515";"ks"
"Vankúš bez návleku - srdce 30x30cm (len výplň k saténovému srdcu)";"vypln/srdcesat";"64044";"TO090";"9990000064044";"ks"
"Vankúš bez návleku - štvorec 38 cm (len výplň), viskóza";"vypln/stvorec";"56908";"TO091";"9990000056908";"ks"
"XEROX 003R98203 A3 fólia priehľadná, lesklá (bal=100hár)";"xer010861";"140165";"FM047";"5017534982035";"bal"
"XEROX 003R98205 A4 fólia priehľadná, lesklá (bal=50hár)";"xer010874";"135917";"FM046";"5017534982059";"bal"
"Yupo Tako samolepiaca fólia bez lepidla 175g, 1270mm, 20m, dutinka 150mm";"ytxad1082";"95004";"FV167";"9990000095004";"rol"
"Zápisník veľký, čierny";"zapisnik/v";"99411";"FG402";"9990000099411";"ks"
"Zapaľovač piezoelektrický, čierny matný";"zappiezo/blacktur";"99186";"FG399";"9990000099186";"ks"
"Zapaľovač piezoelektrický, silver matt";"zappiezo/silvermat";"95451";"FG400";"9990000095451";"ks"
"Zapaľovač plastový, biely";"zapplast/biely";"95450";"FG401";"9990000095450";"ks"
"Zástera SATÉN biela, farebný lem 720x540mm";"zasterasat";"64186";"TO106";"9990000064186";"ks"
"Roll-up LUX konštrukcia na 85 x 200 cm";"rollup85x200lux";"116190";"";"9990000116190";"ks"
"Tepede High Color Contrast Paper 120g, 42"" (1067mm), 45m (24118qN)";"tpdColor120v42/45";"139362";"VF167f";"9990000139362";"rol"
"Tepede GEKKO-TEX S1 II, 1270 mm, 30m";"tpdgekkotex1270";"79535";"VF163";"9990000079535";"rol"
"Backlit SB glossy, 1370mm, 30m, 0,2mm";"bcklitSB/glossy1370";"77162";"VF207";"9990000077162";"rol"
"Tepede Banner Blockout matt 450g 1372mm (54""), 50m";"tpdblock50";"84393";"";"9990000084393";"rol"
"Spevňovacia priečka 115cm";"priecka115";"79576";"";"9990000079576";"ks"
"Spevňovacia priečka 120cm";"priecka120";"79578";"";"9990000079578";"ks"
